index,dac_code
0,32768
1,32308
2,31634
3,30832
4,29997
5,29223
6,28592
7,28171
8,28000
9,28093
10,28435
11,28983
12,29674
13,30428
14,31158
15,31780
16,32219
17,32420
18,32350
19,32008
20,31416
21,30629
22,29719
23,28776
24,27895
25,27169
26,26680
27,26487
28,26624
29,27095
30,27869
31,28886
32,30062
33,31290
34,32457
35,33447
36,34155
37,34498
38,34417
39,33887
40,32920
41,31561
42,29888
43,28004
44,26029
45,24091
46,22314
47,20809
48,19666
49,18945
50,18676
51,18852
52,19436
53,20363
54,21547
55,22892
56,24297
57,25669
58,26932
59,28028
60,28929
61,29632
62,30163
63,30567
64,30910
65,31265
66,31702
67,32287
68,33066
69,34063
70,35278
71,36678
72,38209
73,39792
74,41334
75,42733
76,43892
77,44725
78,45165
79,45175
80,44748
81,43911
82,42725
83,41276
84,39677
85,38049
86,36520
87,35207
88,34214
89,33616
90,33458
91,33750
92,34466
93,35546
94,36906
95,38438
96,40027
97,41557
98,42922
99,44036
100,44836
101,45293
102,45408
103,45213
104,44770
105,44157
106,43467
107,42794
108,42228
109,41841
110,41684
111,41783
112,42134
113,42704
114,43438
115,44261
116,45088
117,45833
118,46416
119,46773
120,46862
121,46668
122,46205
123,45514
124,44662
125,43732
126,42818
127,42016
128,41412
129,41076
130,41052
131,41357
132,41974
133,42854
134,43921
135,45078
136,46212
137,47207
138,47954
139,48358
140,48351
141,47894
142,46984
143,45653
144,43967
145,42018
146,39923
147,37807
148,35797
149,34011
150,32547
151,31480
152,30850
153,30667
154,30904
155,31508
156,32400
157,33487
158,34669
159,35850
160,36945
161,37889
162,38641
163,39189
164,39547
165,39755
166,39871
167,39965
168,40111
169,40377
170,40818
171,41469
172,42339
173,43408
174,44631
175,45938
176,47240
177,48440
178,49437
179,50139
180,50472
181,50386
182,49861
183,48912
184,47585
185,45958
186,44135
187,42235
188,40384
189,38705
190,37309
191,36282
192,35684
193,35539
194,35834
195,36523
196,37532
197,38760
198,40096
199,41421
200,42626
201,43614
202,44315
203,44684
204,44711
205,44416
206,43851
207,43086
208,42211
209,41321
210,40508
211,39853
212,39416
213,39234
214,39314
215,39635
216,40151
217,40793
218,41480
219,42125
220,42645
221,42968
222,43044
223,42845
224,42375
225,41664
226,40768
227,39767
228,38750
229,37813
230,37049
231,36533
232,36323
233,36445
234,36896
235,37640
236,38612
237,39720
238,40859
239,41911
240,42764
241,43316
242,43488
243,43227
244,42516
245,41374
246,39852
247,38034
248,36028
249,33955
250,31944
251,30116
252,28580
253,27420
254,26691
255,26413
256,26575
257,27133
258,28018
259,29142
260,30405
261,31708
262,32962
263,34091
264,35046
265,35803
266,36364
267,36759
268,37040
269,37274
270,37532
271,37888
272,38401
273,39115
274,40049
275,41195
276,42518
277,43958
278,45431
279,46842
280,48091
281,49081
282,49729
283,49975
284,49786
285,49162
286,48138
287,46780
288,45180
289,43453
290,41723
291,40115
292,38747
293,37715
294,37090
295,36910
296,37177
297,37858
298,38889
299,40179
300,41619
301,43093
302,44485
303,45693
304,46635
305,47255
306,47530
307,47467
308,47105
309,46508
310,45760
311,44953
312,44183
313,43536
314,43079
315,42862
316,42901
317,43188
318,43685
319,44332
320,45053
321,45761
322,46369
323,46802
324,46999
325,46922
326,46564
327,45943
328,45106
329,44123
330,43082
331,42076
332,41201
333,40540
334,40158
335,40095
336,40360
337,40930
338,41751
339,42741
340,43800
341,44813
342,45666
343,46250
344,46476
345,46281
346,45633
347,44537
348,43030
349,41185
350,39101
351,36896
352,34695
353,32626
354,30802
355,29319
356,28244
357,27612
358,27424
359,27649
360,28227
361,29077
362,30103
363,31204
364,32287
365,33269
366,34092
367,34718
368,35143
369,35384
370,35486
371,35510
372,35528
373,35613
374,35831
375,36234
376,36852
377,37687
378,38717
379,39888
380,41128
381,42345
382,43440
383,44314
384,44878
385,45061
386,44820
387,44140
388,43044
389,41585
390,39847
391,37935
392,35972
393,34084
394,32393
395,31005
396,30003
397,29437
398,29325
399,29649
400,30355
401,31363
402,32569
403,33861
404,35121
405,36240
406,37128
407,37717
408,37972
409,37887
410,37490
411,36835
412,36000
413,35073
414,34152
415,33327
416,32673
417,32249
418,32084
419,32181
420,32513
421,33027
422,33655
423,34311
424,34908
425,35366
426,35617
427,35613
428,35335
429,34790
430,34014
431,33070
432,32038
433,31010
434,30084
435,29347
436,28873
437,28713
438,28889
439,29390
440,30174
441,31171
442,32286
443,33408
444,34423
445,35217
446,35694
447,35778
448,35425
449,34624
450,33400
451,31812
452,29949
453,27921
454,25854
455,23875
456,22104
457,20644
458,19574
459,18943
460,18765
461,19022
462,19664
463,20617
464,21790
465,23084
466,24400
467,25651
468,26766
469,27701
470,28437
471,28983
472,29372
473,29661
474,29917
475,30214
476,30622
477,31198
478,31983
479,32989
480,34204
481,35586
482,37070
483,38570
484,39989
485,41227
486,42189
487,42796
488,42992
489,42752
490,42082
491,41024
492,39648
493,38053
494,36356
495,34682
496,33156
497,31891
498,30979
499,30486
500,30441
501,30841
502,31645
503,32783
504,34160
505,35665
506,37181
507,38594
508,39806
509,40738
510,41342
511,41600
512,41526
513,41165
514,40586
515,39873
516,39122
517,38426
518,37868
519,37514
520,37405
521,37554
522,37945
523,38537
524,39265
525,40050
526,40805
527,41446
528,41897
529,42103
530,42032
531,41681
532,41076
533,40267
534,39329
535,38351
536,37428
537,36654
538,36109
539,35854
540,35923
541,36318
542,37009
543,37938
544,39017
545,40143
546,41200
547,42075
548,42661
549,42875
550,42658
551,41987
552,40872
553,39360
554,37527
555,35477
556,33331
557,31215
558,29255
559,27561
560,26224
561,25305
562,24831
563,24798
564,25168
565,25877
566,26838
567,27955
568,29129
569,30266
570,31289
571,32142
572,32797
573,33250
574,33527
575,33676
576,33761
577,33854
578,34028
579,34347
580,34858
581,35587
582,36530
583,37659
584,38917
585,40225
586,41492
587,42616
588,43499
589,44056
590,44221
591,43956
592,43254
593,42144
594,40684
595,38964
596,37094
597,35198
598,33402
599,31824
600,30568
601,29710
602,29295
603,29332
604,29796
605,30628
606,31742
607,33032
608,34383
609,35679
610,36815
611,37702
612,38282
613,38522
614,38425
615,38024
616,37379
617,36569
618,35687
619,34829
620,34082
621,33520
622,33195
623,33132
624,33326
625,33745
626,34335
627,35020
628,35716
629,36336
630,36801
631,37046
632,37030
633,36738
634,36184
635,35409
636,34479
637,33479
638,32501
639,31643
640,30989
641,30610
642,30551
643,30828
644,31423
645,32288
646,33348
647,34504
648,35644
649,36652
650,37419
651,37849
652,37875
653,37458
654,36594
655,35315
656,33687
657,31804
658,29780
659,27741
660,25814
661,24116
662,22747
663,21780
664,21256
665,21183
666,21536
667,22260
668,23278
669,24495
670,25812
671,27132
672,28370
673,29461
674,30365
675,31067
676,31584
677,31954
678,32234
679,32495
680,32812
681,33250
682,33867
683,34695
684,35744
685,36994
686,38399
687,39890
688,41377
689,42762
690,43946
691,44835
692,45355
693,45456
694,45118
695,44355
696,43214
697,41774
698,40135
699,38418
700,36748
701,35250
702,34032
703,33182
704,32758
705,32785
706,33249
707,34106
708,35278
709,36667
710,38159
711,39639
712,40994
713,42129
714,42971
715,43479
716,43639
717,43475
718,43034
719,42389
720,41630
721,40850
722,40142
723,39586
724,39244
725,39151
726,39314
727,39712
728,40300
729,41008
730,41754
731,42453
732,43021
733,43385
734,43495
735,43326
736,42878
737,42182
738,41296
739,40298
740,39277
741,38331
742,37549
743,37011
744,36770
745,36856
746,37264
747,37958
748,38874
749,39920
750,40990
751,41967
752,42738
753,43203
754,43280
755,42919
756,42102
757,40848
758,39208
759,37266
760,35130
761,32922
762,30770
763,28797
764,27110
765,25793
766,24902
767,24459
768,24450
769,24833
770,25538
771,26477
772,27552
773,28664
774,29721
775,30651
776,31404
777,31954
778,32306
779,32489
780,32556
781,32572
782,32611
783,32745
784,33034
785,33523
786,34230
787,35149
788,36243
789,37452
790,38695
791,39875
792,40892
793,41651
794,42068
795,42082
796,41663
797,40810
798,39557
799,37971
800,36145
801,34194
802,32241
803,30413
804,28826
805,27578
806,26740
807,26349
808,26408
809,26885
810,27715
811,28808
812,30054
813,31338
814,32544
815,33571
816,34336
817,34784
818,34891
819,34665
820,34145
821,33396
822,32501
823,31553
824,30647
825,29869
826,29288
827,28952
828,28879
829,29060
830,29458
831,30012
832,30645
833,31273
834,31808
835,32174
836,32310
837,32180
838,31776
839,31115
840,30246
841,29238
842,28178
843,27161
844,26281
845,25623
846,25251
847,25205
848,25494
849,26095
850,26954
851,27989
852,29100
853,30172
854,31091
855,31747
856,32053
857,31944
858,31389
859,30391
860,28990
861,27257
862,25292
863,23210
864,21140
865,19207
866,17526
867,16191
868,15269
869,14795
870,14771
871,15165
872,15918
873,16946
874,18155
875,19445
876,20720
877,21899
878,22922
879,23753
880,24385
881,24838
882,25155
883,25397
884,25635
885,25943
886,26388
887,27019
888,27867
889,28934
890,30197
891,31604
892,33080
893,34535
894,35868
895,36981
896,37784
897,38207
898,38205
899,37765
900,36908
901,35687
902,34186
903,32511
904,30783
905,29129
906,27670
907,26513
908,25738
909,25399
910,25510
911,26055
912,26979
913,28201
914,29620
915,31120
916,32584
917,33905
918,34990
919,35772
920,36216
921,36315
922,36098
923,35618
924,34953
925,34192
926,33431
927,32760
928,32257
929,31977
930,31950
931,32179
932,32638
933,33274
934,34016
935,34781
936,35481
937,36035
938,36376
939,36456
940,36254
941,35780
942,35069
943,34182
944,33201
945,32218
946,31328
947,30622
948,30173
949,30031
950,30217
951,30723
952,31505
953,32492
954,33591
955,34692
956,35677
957,36437
958,36872
959,36909
960,36502
961,35640
962,34350
963,32689
964,30748
965,28637
966,26480
967,24405
968,22533
969,20967
970,19786
971,19038
972,18739
973,18869
974,19380
975,20197
976,21230
977,22380
978,23548
979,24646
980,25606
981,26382
982,26955
983,27334
984,27555
985,27672
986,27753
987,27873
988,28102
989,28498
990,29099
991,29920
992,30949
993,32144
994,33439
995,34750
996,35979
997,37027
998,37798
999,38215
1000,38221
1001,37790
1002,36931
1003,35684
1004,34121
1005,32340
1006,30457
1007,28600
1008,26893
1009,25448
1010,24360
1011,23692
1012,23475
1013,23706
1014,24344
1015,25319
1016,26536
1017,27885
1018,29249
1019,30514
1020,31581
1021,32373
1022,32841
1023,32968
1024,32768
1025,32285
1026,31589
1027,30765
1028,29908
1029,29112
1030,28459
1031,28015
1032,27822
1033,27893
1034,28212
1035,28738
1036,29407
1037,30139
1038,30847
1039,31446
1040,31863
1041,32042
1042,31950
1043,31585
1044,30971
1045,30162
1046,29230
1047,28264
1048,27361
1049,26613
1050,26101
1051,25886
1052,26002
1053,26450
1054,27202
1055,28197
1056,29351
1057,30557
1058,31701
1059,32669
1060,33356
1061,33676
1062,33573
1063,33021
1064,32032
1065,30651
1066,28956
1067,27050
1068,25053
1069,23092
1070,21293
1071,19766
1072,18601
1073,17859
1074,17567
1075,17721
1076,18283
1077,19188
1078,20350
1079,21673
1080,23056
1081,24407
1082,25648
1083,26722
1084,27601
1085,28282
1086,28791
1087,29174
1088,29495
1089,29827
1090,30243
1091,30806
1092,31563
1093,32539
1094,33731
1095,35110
1096,36620
1097,38181
1098,39701
1099,41078
1100,42215
1101,43027
1102,43446
1103,43434
1104,42985
1105,42127
1106,40919
1107,39449
1108,37828
1109,36179
1110,34628
1111,33294
1112,32279
1113,31660
1114,31480
1115,31751
1116,32445
1117,33504
1118,34842
1119,36353
1120,37921
1121,39430
1122,40773
1123,41866
1124,42645
1125,43080
1126,43174
1127,42959
1128,42494
1129,41860
1130,41149
1131,40455
1132,39868
1133,39459
1134,39282
1135,39360
1136,39689
1137,40239
1138,40952
1139,41754
1140,42560
1141,43285
1142,43847
1143,44183
1144,44251
1145,44036
1146,43552
1147,42841
1148,41968
1149,41017
1150,40083
1151,39260
1152,38635
1153,38279
1154,38235
1155,38519
1156,39115
1157,39975
1158,41022
1159,42158
1160,43272
1161,44247
1162,44973
1163,45357
1164,45330
1165,44853
1166,43922
1167,42571
1168,40864
1169,38896
1170,36781
1171,34645
1172,32615
1173,30808
1174,29325
1175,28238
1176,27588
1177,27385
1178,27602
1179,28186
1180,29058
1181,30126
1182,31288
1183,32449
1184,33525
1185,34449
1186,35181
1187,35710
1188,36049
1189,36237
1190,36334
1191,36408
1192,36535
1193,36781
1194,37203
1195,37835
1196,38685
1197,39735
1198,40939
1199,42227
1200,43510
1201,44691
1202,45669
1203,46352
1204,46666
1205,46561
1206,46017
1207,45049
1208,43703
1209,42058
1210,40216
1211,38297
1212,36427
1213,34730
1214,33315
1215,32270
1216,31653
1217,31489
1218,31766
1219,32437
1220,33427
1221,34637
1222,35954
1223,37262
1224,38448
1225,39418
1226,40100
1227,40452
1228,40460
1229,40148
1230,39564
1231,38782
1232,37889
1233,36981
1234,36151
1235,35478
1236,35023
1237,34823
1238,34885
1239,35189
1240,35687
1241,36311
1242,36981
1243,37609
1244,38111
1245,38417
1246,38475
1247,38259
1248,37772
1249,37043
1250,36131
1251,35112
1252,34078
1253,33125
1254,32343
1255,31811
1256,31584
1257,31689
1258,32123
1259,32850
1260,33805
1261,34897
1262,36019
1263,37055
1264,37892
1265,38427
1266,38582
1267,38305
1268,37578
1269,36419
1270,34881
1271,33047
1272,31025
1273,28936
1274,26908
1275,25065
1276,23513
1277,22337
1278,21592
1279,21298
1280,21444
1281,21987
1282,22857
1283,23964
1284,25212
1285,26500
1286,27738
1287,28852
1288,29791
1289,30532
1290,31078
1291,31458
1292,31725
1293,31943
1294,32186
1295,32527
1296,33025
1297,33724
1298,34643
1299,35774
1300,37083
1301,38507
1302,39966
1303,41363
1304,42597
1305,43572
1306,44206
1307,44437
1308,44234
1309,43596
1310,42558
1311,41185
1312,39571
1313,37830
1314,36086
1315,34464
1316,33082
1317,32036
1318,31397
1319,31204
1320,31457
1321,32125
1322,33142
1323,34418
1324,35845
1325,37305
1326,38684
1327,39879
1328,40807
1329,41414
1330,41676
1331,41599
1332,41224
1333,40615
1334,39853
1335,39034
1336,38251
1337,37591
1338,37122
1339,36891
1340,36918
1341,37192
1342,37677
1343,38312
1344,39020
1345,39715
1346,40312
1347,40732
1348,40917
1349,40828
1350,40458
1351,39825
1352,38976
1353,37982
1354,36928
1355,35911
1356,35024
1357,34351
1358,33957
1359,33883
1360,34136
1361,34695
1362,35505
1363,36484
1364,37531
1365,38534
1366,39375
1367,39948
1368,40163
1369,39957
1370,39299
1371,38191
1372,36674
1373,34818
1374,32724
1375,30507
1376,28296
1377,26216
1378,24383
1379,22889
1380,21804
1381,21162
1382,20963
1383,21178
1384,21747
1385,22586
1386,23602
1387,24693
1388,25766
1389,26739
1390,27552
1391,28169
1392,28584
1393,28816
1394,28908
1395,28923
1396,28931
1397,29007
1398,29216
1399,29610
1400,30219
1401,31045
1402,32065
1403,33228
1404,34459
1405,35668
1406,36754
1407,37620
1408,38175
1409,38349
1410,38099
1411,37412
1412,36307
1413,34840
1414,33093
1415,31173
1416,29202
1417,27307
1418,25608
1419,24212
1420,23202
1421,22628
1422,22509
1423,22825
1424,23523
1425,24524
1426,25723
1427,27007
1428,28260
1429,29372
1430,30253
1431,30835
1432,31083
1433,30991
1434,30587
1435,29925
1436,29083
1437,28150
1438,27222
1439,26390
1440,25730
1441,25300
1442,25128
1443,25219
1444,25544
1445,26053
1446,26674
1447,27324
1448,27916
1449,28368
1450,28612
1451,28603
1452,28319
1453,27768
1454,26987
1455,26037
1456,25000
1457,23967
1458,23035
1459,22293
1460,21814
1461,21649
1462,21819
1463,22316
1464,23095
1465,24087
1466,25197
1467,26315
1468,27324
1469,28114
1470,28587
1471,28667
1472,28309
1473,27504
1474,26275
1475,24683
1476,22816
1477,20784
1478,18713
1479,16730
1480,14955
1481,13491
1482,12418
1483,11783
1484,11602
1485,11855
1486,12493
1487,13443
1488,14613
1489,15903
1490,17216
1491,18464
1492,19577
1493,20509
1494,21242
1495,21784
1496,22171
1497,22457
1498,22711
1499,23005
1500,23410
1501,23985
1502,24767
1503,25771
1504,26983
1505,28363
1506,29845
1507,31343
1508,32760
1509,33996
1510,34956
1511,35562
1512,35756
1513,35515
1514,34843
1515,33783
1516,32406
1517,30810
1518,29111
1519,27436
1520,25909
1521,24643
1522,23730
1523,23236
1524,23191
1525,23589
1526,24393
1527,25530
1528,26907
1529,28411
1530,29927
1531,31339
1532,32551
1533,33483
1534,34086
1535,34344
1536,34271
1537,33910
1538,33330
1539,32618
1540,31867
1541,31171
1542,30614
1543,30260
1544,30151
1545,30301
1546,30693
1547,31285
1548,32015
1549,32800
1550,33557
1551,34198
1552,34650
1553,34857
1554,34787
1555,34438
1556,33834
1557,33026
1558,32090
1559,31113
1560,30192
1561,29420
1562,28877
1563,28624
1564,28694
1565,29091
1566,29784
1567,30715
1568,31797
1569,32925
1570,33984
1571,34861
1572,35450
1573,35666
1574,35452
1575,34784
1576,33671
1577,32161
1578,30331
1579,28284
1580,26141
1581,24028
1582,22071
1583,20381
1584,19047
1585,18131
1586,17661
1587,17631
1588,18005
1589,18717
1590,19682
1591,20803
1592,21980
1593,23121
1594,24148
1595,25005
1596,25664
1597,26121
1598,26403
1599,26556
1600,26645
1601,26742
1602,26920
1603,27244
1604,27760
1605,28493
1606,29441
1607,30575
1608,31837
1609,33151
1610,34422
1611,35551
1612,36440
1613,37002
1614,37172
1615,36913
1616,36216
1617,35111
1618,33657
1619,31942
1620,30078
1621,28188
1622,26397
1623,24826
1624,23576
1625,22723
1626,22314
1627,22357
1628,22827
1629,23665
1630,24786
1631,26082
1632,27440
1633,28743
1634,29885
1635,30779
1636,31365
1637,31612
1638,31522
1639,31127
1640,30489
1641,29687
1642,28812
1643,27961
1644,27221
1645,26667
1646,26349
1647,26293
1648,26494
1649,26921
1650,27519
1651,28212
1652,28915
1653,29543
1654,30016
1655,30269
1656,30261
1657,29977
1658,29431
1659,28664
1660,27742
1661,26750
1662,25781
1663,24931
1664,24286
1665,23916
1666,23865
1667,24150
1668,24754
1669,25629
1670,26697
1671,27862
1672,29011
1673,30028
1674,30804
1675,31244
1676,31279
1677,30871
1678,30016
1679,28747
1680,27128
1681,25255
1682,23240
1683,21211
1684,19294
1685,17606
1686,16247
1687,15289
1688,14775
1689,14712
1690,15075
1691,15810
1692,16838
1693,18065
1694,19393
1695,20723
1696,21971
1697,23073
1698,23987
1699,24700
1700,25228
1701,25608
1702,25899
1703,26171
1704,26498
1705,26948
1706,27576
1707,28415
1708,29475
1709,30736
1710,32153
1711,33655
1712,35154
1713,36551
1714,37745
1715,38646
1716,39178
1717,39290
1718,38964
1719,38213
1720,37084
1721,35656
1722,34029
1723,32324
1724,30667
1725,29180
1726,27974
1727,27137
1728,26726
1729,26764
1730,27241
1731,28110
1732,29295
1733,30696
1734,32202
1735,33694
1736,35062
1737,36209
1738,37065
1739,37585
1740,37759
1741,37607
1742,37179
1743,36548
1744,35802
1745,35035
1746,34341
1747,33799
1748,33470
1749,33390
1750,33566
1751,33979
1752,34580
1753,35301
1754,36062
1755,36775
1756,37356
1757,37734
1758,37859
1759,37703
1760,37269
1761,36588
1762,35716
1763,34732
1764,33725
1765,32793
1766,32026
1767,31502
1768,31276
1769,31376
1770,31799
1771,32508
1772,33438
1773,34499
1774,35584
1775,36576
1776,37362
1777,37842
1778,37934
1779,37588
1780,36787
1781,35547
1782,33922
1783,31996
1784,29875
1785,27683
1786,25546
1787,23588
1788,21917
1789,20616
1790,19740
1791,19312
1792,19319
1793,19718
1794,20439
1795,21394
1796,22485
1797,23612
1798,24686
1799,25632
1800,26401
1801,26967
1802,27335
1803,27535
1804,27618
1805,27650
1806,27706
1807,27856
1808,28162
1809,28667
1810,29391
1811,30326
1812,31437
1813,32663
1814,33922
1815,35119
1816,36153
1817,36928
1818,37362
1819,37394
1820,36992
1821,36156
1822,34920
1823,33351
1824,31543
1825,29608
1826,27672
1827,25862
1828,24292
1829,23062
1830,22241
1831,21868
1832,21944
1833,22439
1834,23287
1835,24397
1836,25661
1837,26962
1838,28187
1839,29231
1840,30014
1841,30480
1842,30604
1843,30397
1844,29895
1845,29164
1846,28287
1847,27357
1848,26469
1849,25709
1850,25147
1851,24829
1852,24774
1853,24974
1854,25390
1855,25962
1856,26614
1857,27260
1858,27814
1859,28198
1860,28353
1861,28242
1862,27856
1863,27215
1864,26364
1865,25375
1866,24334
1867,23336
1868,22475
1869,21835
1870,21482
1871,21455
1872,21763
1873,22384
1874,23262
1875,24317
1876,25447
1877,26538
1878,27476
1879,28152
1880,28477
1881,28387
1882,27851
1883,26873
1884,25492
1885,23778
1886,21832
1887,19770
1888,17720
1889,15806
1890,14145
1891,12829
1892,11927
1893,11474
1894,11469
1895,11883
1896,12656
1897,13704
1898,14933
1899,16242
1900,17538
1901,18737
1902,19780
1903,20631
1904,21283
1905,21756
1906,22093
1907,22355
1908,22614
1909,22942
1910,23407
1911,24058
1912,24926
1913,26014
1914,27297
1915,28724
1916,30221
1917,31696
1918,33050
1919,34184
1920,35008
1921,35451
1922,35469
1923,35050
1924,34214
1925,33014
1926,31533
1927,29879
1928,28172
1929,26539
1930,25101
1931,23964
1932,23210
1933,22892
1934,23024
1935,23589
1936,24534
1937,25778
1938,27218
1939,28739
1940,30224
1941,31566
1942,32672
1943,33475
1944,33940
1945,34061
1946,33864
1947,33406
1948,32762
1949,32022
1950,31282
1951,30633
1952,30151
1953,29892
1954,29887
1955,30137
1956,30617
1957,31274
1958,32038
1959,32824
1960,33546
1961,34122
1962,34483
1963,34585
1964,34405
1965,33952
1966,33263
1967,32397
1968,31438
1969,30476
1970,29609
1971,28924
1972,28496
1973,28376
1974,28584
1975,29111
1976,29915
1977,30924
1978,32045
1979,33167
1980,34175
1981,34956
1982,35413
1983,35472
1984,35086
1985,34247
1986,32978
1987,31339
1988,29420
1989,27330
1990,25195
1991,23143
1992,21292
1993,19748
1994,18589
1995,17863
1996,17586
1997,17738
1998,18271
1999,19111
2000,20166
2001,21337
2002,22527
2003,23648
2004,24630
2005,25428
2006,26023
2007,26424
2008,26667
2009,26806
2010,26909
2011,27052
2012,27302
2013,27720
2014,28343
2015,29187
2016,30238
2017,31455
2018,32772
2019,34105
2020,35357
2021,36427
2022,37220
2023,37659
2024,37687
2025,37279
2026,36442
2027,35217
2028,33676
2029,31917
2030,30057
2031,28222
2032,26537
2033,25115
2034,24048
2035,23403
2036,23208
2037,23461
2038,24121
2039,25119
2040,26358
2041,27730
2042,29115
2043,30402
2044,31492
2045,32306
2046,32797
2047,32946
2048,32768
2049,32308
2050,31634
2051,30832
2052,29997
2053,29223
2054,28592
2055,28171
2056,28000
2057,28093
2058,28435
2059,28983
2060,29674
2061,30428
2062,31158
2063,31780
2064,32219
2065,32420
2066,32350
2067,32008
2068,31416
2069,30629
2070,29719
2071,28776
2072,27895
2073,27169
2074,26680
2075,26487
2076,26624
2077,27095
2078,27869
2079,28886
2080,30062
2081,31290
2082,32457
2083,33447
2084,34155
2085,34498
2086,34417
2087,33887
2088,32920
2089,31561
2090,29888
2091,28004
2092,26029
2093,24091
2094,22314
2095,20809
2096,19666
2097,18945
2098,18676
2099,18852
2100,19436
2101,20363
2102,21547
2103,22892
2104,24297
2105,25669
2106,26932
2107,28028
2108,28929
2109,29632
2110,30163
2111,30567
2112,30910
2113,31265
2114,31702
2115,32287
2116,33066
2117,34063
2118,35278
2119,36678
2120,38209
2121,39792
2122,41334
2123,42733
2124,43892
2125,44725
2126,45165
2127,45175
2128,44748
2129,43911
2130,42725
2131,41276
2132,39677
2133,38049
2134,36520
2135,35207
2136,34214
2137,33616
2138,33458
2139,33750
2140,34466
2141,35546
2142,36906
2143,38438
2144,40027
2145,41557
2146,42922
2147,44036
2148,44836
2149,45293
2150,45408
2151,45213
2152,44770
2153,44157
2154,43467
2155,42794
2156,42228
2157,41841
2158,41684
2159,41783
2160,42134
2161,42704
2162,43438
2163,44261
2164,45088
2165,45833
2166,46416
2167,46773
2168,46862
2169,46668
2170,46205
2171,45514
2172,44662
2173,43732
2174,42818
2175,42016
2176,41412
2177,41076
2178,41052
2179,41357
2180,41974
2181,42854
2182,43921
2183,45078
2184,46212
2185,47207
2186,47954
2187,48358
2188,48351
2189,47894
2190,46984
2191,45653
2192,43967
2193,42018
2194,39923
2195,37807
2196,35797
2197,34011
2198,32547
2199,31480
2200,30850
2201,30667
2202,30904
2203,31508
2204,32400
2205,33487
2206,34669
2207,35850
2208,36945
2209,37889
2210,38641
2211,39189
2212,39547
2213,39755
2214,39871
2215,39965
2216,40111
2217,40377
2218,40818
2219,41469
2220,42339
2221,43408
2222,44631
2223,45938
2224,47240
2225,48440
2226,49437
2227,50139
2228,50472
2229,50386
2230,49861
2231,48912
2232,47585
2233,45958
2234,44135
2235,42235
2236,40384
2237,38705
2238,37309
2239,36282
2240,35684
2241,35539
2242,35834
2243,36523
2244,37532
2245,38760
2246,40096
2247,41421
2248,42626
2249,43614
2250,44315
2251,44684
2252,44711
2253,44416
2254,43851
2255,43086
2256,42211
2257,41321
2258,40508
2259,39853
2260,39416
2261,39234
2262,39314
2263,39635
2264,40151
2265,40793
2266,41480
2267,42125
2268,42645
2269,42968
2270,43044
2271,42845
2272,42375
2273,41664
2274,40768
2275,39767
2276,38750
2277,37813
2278,37049
2279,36533
2280,36323
2281,36445
2282,36896
2283,37640
2284,38612
2285,39720
2286,40859
2287,41911
2288,42764
2289,43316
2290,43488
2291,43227
2292,42516
2293,41374
2294,39852
2295,38034
2296,36028
2297,33955
2298,31944
2299,30116
2300,28580
2301,27420
2302,26691
2303,26413
2304,26575
2305,27133
2306,28018
2307,29142
2308,30405
2309,31708
2310,32962
2311,34091
2312,35046
2313,35803
2314,36364
2315,36759
2316,37040
2317,37274
2318,37532
2319,37888
2320,38401
2321,39115
2322,40049
2323,41195
2324,42518
2325,43958
2326,45431
2327,46842
2328,48091
2329,49081
2330,49729
2331,49975
2332,49786
2333,49162
2334,48138
2335,46780
2336,45180
2337,43453
2338,41723
2339,40115
2340,38747
2341,37715
2342,37090
2343,36910
2344,37177
2345,37858
2346,38889
2347,40179
2348,41619
2349,43093
2350,44485
2351,45693
2352,46635
2353,47255
2354,47530
2355,47467
2356,47105
2357,46508
2358,45760
2359,44953
2360,44183
2361,43536
2362,43079
2363,42862
2364,42901
2365,43188
2366,43685
2367,44332
2368,45053
2369,45761
2370,46369
2371,46802
2372,46999
2373,46922
2374,46564
2375,45943
2376,45106
2377,44123
2378,43082
2379,42076
2380,41201
2381,40540
2382,40158
2383,40095
2384,40360
2385,40930
2386,41751
2387,42741
2388,43800
2389,44813
2390,45666
2391,46250
2392,46476
2393,46281
2394,45633
2395,44537
2396,43030
2397,41185
2398,39101
2399,36896
2400,34695
2401,32626
2402,30802
2403,29319
2404,28244
2405,27612
2406,27424
2407,27649
2408,28227
2409,29077
2410,30103
2411,31204
2412,32287
2413,33269
2414,34092
2415,34718
2416,35143
2417,35384
2418,35486
2419,35510
2420,35528
2421,35613
2422,35831
2423,36234
2424,36852
2425,37687
2426,38717
2427,39888
2428,41128
2429,42345
2430,43440
2431,44314
2432,44878
2433,45061
2434,44820
2435,44140
2436,43044
2437,41585
2438,39847
2439,37935
2440,35972
2441,34084
2442,32393
2443,31005
2444,30003
2445,29437
2446,29325
2447,29649
2448,30355
2449,31363
2450,32569
2451,33861
2452,35121
2453,36240
2454,37128
2455,37717
2456,37972
2457,37887
2458,37490
2459,36835
2460,36000
2461,35073
2462,34152
2463,33327
2464,32673
2465,32249
2466,32084
2467,32181
2468,32513
2469,33027
2470,33655
2471,34311
2472,34908
2473,35366
2474,35617
2475,35613
2476,35335
2477,34790
2478,34014
2479,33070
2480,32038
2481,31010
2482,30084
2483,29347
2484,28873
2485,28713
2486,28889
2487,29390
2488,30174
2489,31171
2490,32286
2491,33408
2492,34423
2493,35217
2494,35694
2495,35778
2496,35425
2497,34624
2498,33400
2499,31812
2500,29949
2501,27921
2502,25854
2503,23875
2504,22104
2505,20644
2506,19574
2507,18943
2508,18765
2509,19022
2510,19664
2511,20617
2512,21790
2513,23084
2514,24400
2515,25651
2516,26766
2517,27701
2518,28437
2519,28983
2520,29372
2521,29661
2522,29917
2523,30214
2524,30622
2525,31198
2526,31983
2527,32989
2528,34204
2529,35586
2530,37070
2531,38570
2532,39989
2533,41227
2534,42189
2535,42796
2536,42992
2537,42752
2538,42082
2539,41024
2540,39648
2541,38053
2542,36356
2543,34682
2544,33156
2545,31891
2546,30979
2547,30486
2548,30441
2549,30841
2550,31645
2551,32783
2552,34160
2553,35665
2554,37181
2555,38594
2556,39806
2557,40738
2558,41342
2559,41600
2560,41526
2561,41165
2562,40586
2563,39873
2564,39122
2565,38426
2566,37868
2567,37514
2568,37405
2569,37554
2570,37945
2571,38537
2572,39265
2573,40050
2574,40805
2575,41446
2576,41897
2577,42103
2578,42032
2579,41681
2580,41076
2581,40267
2582,39329
2583,38351
2584,37428
2585,36654
2586,36109
2587,35854
2588,35923
2589,36318
2590,37009
2591,37938
2592,39017
2593,40143
2594,41200
2595,42075
2596,42661
2597,42875
2598,42658
2599,41987
2600,40872
2601,39360
2602,37527
2603,35477
2604,33331
2605,31215
2606,29255
2607,27561
2608,26224
2609,25305
2610,24831
2611,24798
2612,25168
2613,25877
2614,26838
2615,27955
2616,29129
2617,30266
2618,31289
2619,32142
2620,32797
2621,33250
2622,33527
2623,33676
2624,33761
2625,33854
2626,34028
2627,34347
2628,34858
2629,35587
2630,36530
2631,37659
2632,38917
2633,40225
2634,41492
2635,42616
2636,43499
2637,44056
2638,44221
2639,43956
2640,43254
2641,42144
2642,40684
2643,38964
2644,37094
2645,35198
2646,33402
2647,31824
2648,30568
2649,29710
2650,29295
2651,29332
2652,29796
2653,30628
2654,31742
2655,33032
2656,34383
2657,35679
2658,36815
2659,37702
2660,38282
2661,38522
2662,38425
2663,38024
2664,37379
2665,36569
2666,35687
2667,34829
2668,34082
2669,33520
2670,33195
2671,33132
2672,33326
2673,33745
2674,34335
2675,35020
2676,35716
2677,36336
2678,36801
2679,37046
2680,37030
2681,36738
2682,36184
2683,35409
2684,34479
2685,33479
2686,32501
2687,31643
2688,30989
2689,30610
2690,30551
2691,30828
2692,31423
2693,32288
2694,33348
2695,34504
2696,35644
2697,36652
2698,37419
2699,37849
2700,37875
2701,37458
2702,36594
2703,35315
2704,33687
2705,31804
2706,29780
2707,27741
2708,25814
2709,24116
2710,22747
2711,21780
2712,21256
2713,21183
2714,21536
2715,22260
2716,23278
2717,24495
2718,25812
2719,27132
2720,28370
2721,29461
2722,30365
2723,31067
2724,31584
2725,31954
2726,32234
2727,32495
2728,32812
2729,33250
2730,33867
2731,34695
2732,35744
2733,36994
2734,38399
2735,39890
2736,41377
2737,42762
2738,43946
2739,44835
2740,45355
2741,45456
2742,45118
2743,44355
2744,43214
2745,41774
2746,40135
2747,38418
2748,36748
2749,35250
2750,34032
2751,33182
2752,32758
2753,32785
2754,33249
2755,34106
2756,35278
2757,36667
2758,38159
2759,39639
2760,40994
2761,42129
2762,42971
2763,43479
2764,43639
2765,43475
2766,43034
2767,42389
2768,41630
2769,40850
2770,40142
2771,39586
2772,39244
2773,39151
2774,39314
2775,39712
2776,40300
2777,41008
2778,41754
2779,42453
2780,43021
2781,43385
2782,43495
2783,43326
2784,42878
2785,42182
2786,41296
2787,40298
2788,39277
2789,38331
2790,37549
2791,37011
2792,36770
2793,36856
2794,37264
2795,37958
2796,38874
2797,39920
2798,40990
2799,41967
2800,42738
2801,43203
2802,43280
2803,42919
2804,42102
2805,40848
2806,39208
2807,37266
2808,35130
2809,32922
2810,30770
2811,28797
2812,27110
2813,25793
2814,24902
2815,24459
2816,24450
2817,24833
2818,25538
2819,26477
2820,27552
2821,28664
2822,29721
2823,30651
2824,31404
2825,31954
2826,32306
2827,32489
2828,32556
2829,32572
2830,32611
2831,32745
2832,33034
2833,33523
2834,34230
2835,35149
2836,36243
2837,37452
2838,38695
2839,39875
2840,40892
2841,41651
2842,42068
2843,42082
2844,41663
2845,40810
2846,39557
2847,37971
2848,36145
2849,34194
2850,32241
2851,30413
2852,28826
2853,27578
2854,26740
2855,26349
2856,26408
2857,26885
2858,27715
2859,28808
2860,30054
2861,31338
2862,32544
2863,33571
2864,34336
2865,34784
2866,34891
2867,34665
2868,34145
2869,33396
2870,32501
2871,31553
2872,30647
2873,29869
2874,29288
2875,28952
2876,28879
2877,29060
2878,29458
2879,30012
2880,30645
2881,31273
2882,31808
2883,32174
2884,32310
2885,32180
2886,31776
2887,31115
2888,30246
2889,29238
2890,28178
2891,27161
2892,26281
2893,25623
2894,25251
2895,25205
2896,25494
2897,26095
2898,26954
2899,27989
2900,29100
2901,30172
2902,31091
2903,31747
2904,32053
2905,31944
2906,31389
2907,30391
2908,28990
2909,27257
2910,25292
2911,23210
2912,21140
2913,19207
2914,17526
2915,16191
2916,15269
2917,14795
2918,14771
2919,15165
2920,15918
2921,16946
2922,18155
2923,19445
2924,20720
2925,21899
2926,22922
2927,23753
2928,24385
2929,24838
2930,25155
2931,25397
2932,25635
2933,25943
2934,26388
2935,27019
2936,27867
2937,28934
2938,30197
2939,31604
2940,33080
2941,34535
2942,35868
2943,36981
2944,37784
2945,38207
2946,38205
2947,37765
2948,36908
2949,35687
2950,34186
2951,32511
2952,30783
2953,29129
2954,27670
2955,26513
2956,25738
2957,25399
2958,25510
2959,26055
2960,26979
2961,28201
2962,29620
2963,31120
2964,32584
2965,33905
2966,34990
2967,35772
2968,36216
2969,36315
2970,36098
2971,35618
2972,34953
2973,34192
2974,33431
2975,32760
2976,32257
2977,31977
2978,31950
2979,32179
2980,32638
2981,33274
2982,34016
2983,34781
2984,35481
2985,36035
2986,36376
2987,36456
2988,36254
2989,35780
2990,35069
2991,34182
2992,33201
2993,32218
2994,31328
2995,30622
2996,30173
2997,30031
2998,30217
2999,30723
3000,31505
3001,32492
3002,33591
3003,34692
3004,35677
3005,36437
3006,36872
3007,36909
3008,36502
3009,35640
3010,34350
3011,32689
3012,30748
3013,28637
3014,26480
3015,24405
3016,22533
3017,20967
3018,19786
3019,19038
3020,18739
3021,18869
3022,19380
3023,20197
3024,21230
3025,22380
3026,23548
3027,24646
3028,25606
3029,26382
3030,26955
3031,27334
3032,27555
3033,27672
3034,27753
3035,27873
3036,28102
3037,28498
3038,29099
3039,29920
3040,30949
3041,32144
3042,33439
3043,34750
3044,35979
3045,37027
3046,37798
3047,38215
3048,38221
3049,37790
3050,36931
3051,35684
3052,34121
3053,32340
3054,30457
3055,28600
3056,26893
3057,25448
3058,24360
3059,23692
3060,23475
3061,23706
3062,24344
3063,25319
3064,26536
3065,27885
3066,29249
3067,30514
3068,31581
3069,32373
3070,32841
3071,32968
3072,32768
3073,32285
3074,31589
3075,30765
3076,29908
3077,29112
3078,28459
3079,28015
3080,27822
3081,27893
3082,28212
3083,28738
3084,29407
3085,30139
3086,30847
3087,31446
3088,31863
3089,32042
3090,31950
3091,31585
3092,30971
3093,30162
3094,29230
3095,28264
3096,27361
3097,26613
3098,26101
3099,25886
3100,26002
3101,26450
3102,27202
3103,28197
3104,29351
3105,30557
3106,31701
3107,32669
3108,33356
3109,33676
3110,33573
3111,33021
3112,32032
3113,30651
3114,28956
3115,27050
3116,25053
3117,23092
3118,21293
3119,19766
3120,18601
3121,17859
3122,17567
3123,17721
3124,18283
3125,19188
3126,20350
3127,21673
3128,23056
3129,24407
3130,25648
3131,26722
3132,27601
3133,28282
3134,28791
3135,29174
3136,29495
3137,29827
3138,30243
3139,30806
3140,31563
3141,32539
3142,33731
3143,35110
3144,36620
3145,38181
3146,39701
3147,41078
3148,42215
3149,43027
3150,43446
3151,43434
3152,42985
3153,42127
3154,40919
3155,39449
3156,37828
3157,36179
3158,34628
3159,33294
3160,32279
3161,31660
3162,31480
3163,31751
3164,32445
3165,33504
3166,34842
3167,36353
3168,37921
3169,39430
3170,40773
3171,41866
3172,42645
3173,43080
3174,43174
3175,42959
3176,42494
3177,41860
3178,41149
3179,40455
3180,39868
3181,39459
3182,39282
3183,39360
3184,39689
3185,40239
3186,40952
3187,41754
3188,42560
3189,43285
3190,43847
3191,44183
3192,44251
3193,44036
3194,43552
3195,42841
3196,41968
3197,41017
3198,40083
3199,39260
3200,38635
3201,38279
3202,38235
3203,38519
3204,39115
3205,39975
3206,41022
3207,42158
3208,43272
3209,44247
3210,44973
3211,45357
3212,45330
3213,44853
3214,43922
3215,42571
3216,40864
3217,38896
3218,36781
3219,34645
3220,32615
3221,30808
3222,29325
3223,28238
3224,27588
3225,27385
3226,27602
3227,28186
3228,29058
3229,30126
3230,31288
3231,32449
3232,33525
3233,34449
3234,35181
3235,35710
3236,36049
3237,36237
3238,36334
3239,36408
3240,36535
3241,36781
3242,37203
3243,37835
3244,38685
3245,39735
3246,40939
3247,42227
3248,43510
3249,44691
3250,45669
3251,46352
3252,46666
3253,46561
3254,46017
3255,45049
3256,43703
3257,42058
3258,40216
3259,38297
3260,36427
3261,34730
3262,33315
3263,32270
3264,31653
3265,31489
3266,31766
3267,32437
3268,33427
3269,34637
3270,35954
3271,37262
3272,38448
3273,39418
3274,40100
3275,40452
3276,40460
3277,40148
3278,39564
3279,38782
3280,37889
3281,36981
3282,36151
3283,35478
3284,35023
3285,34823
3286,34885
3287,35189
3288,35687
3289,36311
3290,36981
3291,37609
3292,38111
3293,38417
3294,38475
3295,38259
3296,37772
3297,37043
3298,36131
3299,35112
3300,34078
3301,33125
3302,32343
3303,31811
3304,31584
3305,31689
3306,32123
3307,32850
3308,33805
3309,34897
3310,36019
3311,37055
3312,37892
3313,38427
3314,38582
3315,38305
3316,37578
3317,36419
3318,34881
3319,33047
3320,31025
3321,28936
3322,26908
3323,25065
3324,23513
3325,22337
3326,21592
3327,21298
3328,21444
3329,21987
3330,22857
3331,23964
3332,25212
3333,26500
3334,27738
3335,28852
3336,29791
3337,30532
3338,31078
3339,31458
3340,31725
3341,31943
3342,32186
3343,32527
3344,33025
3345,33724
3346,34643
3347,35774
3348,37083
3349,38507
3350,39966
3351,41363
3352,42597
3353,43572
3354,44206
3355,44437
3356,44234
3357,43596
3358,42558
3359,41185
3360,39571
3361,37830
3362,36086
3363,34464
3364,33082
3365,32036
3366,31397
3367,31204
3368,31457
3369,32125
3370,33142
3371,34418
3372,35845
3373,37305
3374,38684
3375,39879
3376,40807
3377,41414
3378,41676
3379,41599
3380,41224
3381,40615
3382,39853
3383,39034
3384,38251
3385,37591
3386,37122
3387,36891
3388,36918
3389,37192
3390,37677
3391,38312
3392,39020
3393,39715
3394,40312
3395,40732
3396,40917
3397,40828
3398,40458
3399,39825
3400,38976
3401,37982
3402,36928
3403,35911
3404,35024
3405,34351
3406,33957
3407,33883
3408,34136
3409,34695
3410,35505
3411,36484
3412,37531
3413,38534
3414,39375
3415,39948
3416,40163
3417,39957
3418,39299
3419,38191
3420,36674
3421,34818
3422,32724
3423,30507
3424,28296
3425,26216
3426,24383
3427,22889
3428,21804
3429,21162
3430,20963
3431,21178
3432,21747
3433,22586
3434,23602
3435,24693
3436,25766
3437,26739
3438,27552
3439,28169
3440,28584
3441,28816
3442,28908
3443,28923
3444,28931
3445,29007
3446,29216
3447,29610
3448,30219
3449,31045
3450,32065
3451,33228
3452,34459
3453,35668
3454,36754
3455,37620
3456,38175
3457,38349
3458,38099
3459,37412
3460,36307
3461,34840
3462,33093
3463,31173
3464,29202
3465,27307
3466,25608
3467,24212
3468,23202
3469,22628
3470,22509
3471,22825
3472,23523
3473,24524
3474,25723
3475,27007
3476,28260
3477,29372
3478,30253
3479,30835
3480,31083
3481,30991
3482,30587
3483,29925
3484,29083
3485,28150
3486,27222
3487,26390
3488,25730
3489,25300
3490,25128
3491,25219
3492,25544
3493,26053
3494,26674
3495,27324
3496,27916
3497,28368
3498,28612
3499,28603
3500,28319
3501,27768
3502,26987
3503,26037
3504,25000
3505,23967
3506,23035
3507,22293
3508,21814
3509,21649
3510,21819
3511,22316
3512,23095
3513,24087
3514,25197
3515,26315
3516,27324
3517,28114
3518,28587
3519,28667
3520,28309
3521,27504
3522,26275
3523,24683
3524,22816
3525,20784
3526,18713
3527,16730
3528,14955
3529,13491
3530,12418
3531,11783
3532,11602
3533,11855
3534,12493
3535,13443
3536,14613
3537,15903
3538,17216
3539,18464
3540,19577
3541,20509
3542,21242
3543,21784
3544,22171
3545,22457
3546,22711
3547,23005
3548,23410
3549,23985
3550,24767
3551,25771
3552,26983
3553,28363
3554,29845
3555,31343
3556,32760
3557,33996
3558,34956
3559,35562
3560,35756
3561,35515
3562,34843
3563,33783
3564,32406
3565,30810
3566,29111
3567,27436
3568,25909
3569,24643
3570,23730
3571,23236
3572,23191
3573,23589
3574,24393
3575,25530
3576,26907
3577,28411
3578,29927
3579,31339
3580,32551
3581,33483
3582,34086
3583,34344
3584,34271
3585,33910
3586,33330
3587,32618
3588,31867
3589,31171
3590,30614
3591,30260
3592,30151
3593,30301
3594,30693
3595,31285
3596,32015
3597,32800
3598,33557
3599,34198
3600,34650
3601,34857
3602,34787
3603,34438
3604,33834
3605,33026
3606,32090
3607,31113
3608,30192
3609,29420
3610,28877
3611,28624
3612,28694
3613,29091
3614,29784
3615,30715
3616,31797
3617,32925
3618,33984
3619,34861
3620,35450
3621,35666
3622,35452
3623,34784
3624,33671
3625,32161
3626,30331
3627,28284
3628,26141
3629,24028
3630,22071
3631,20381
3632,19047
3633,18131
3634,17661
3635,17631
3636,18005
3637,18717
3638,19682
3639,20803
3640,21980
3641,23121
3642,24148
3643,25005
3644,25664
3645,26121
3646,26403
3647,26556
3648,26645
3649,26742
3650,26920
3651,27244
3652,27760
3653,28493
3654,29441
3655,30575
3656,31837
3657,33151
3658,34422
3659,35551
3660,36440
3661,37002
3662,37172
3663,36913
3664,36216
3665,35111
3666,33657
3667,31942
3668,30078
3669,28188
3670,26397
3671,24826
3672,23576
3673,22723
3674,22314
3675,22357
3676,22827
3677,23665
3678,24786
3679,26082
3680,27440
3681,28743
3682,29885
3683,30779
3684,31365
3685,31612
3686,31522
3687,31127
3688,30489
3689,29687
3690,28812
3691,27961
3692,27221
3693,26667
3694,26349
3695,26293
3696,26494
3697,26921
3698,27519
3699,28212
3700,28915
3701,29543
3702,30016
3703,30269
3704,30261
3705,29977
3706,29431
3707,28664
3708,27742
3709,26750
3710,25781
3711,24931
3712,24286
3713,23916
3714,23865
3715,24150
3716,24754
3717,25629
3718,26697
3719,27862
3720,29011
3721,30028
3722,30804
3723,31244
3724,31279
3725,30871
3726,30016
3727,28747
3728,27128
3729,25255
3730,23240
3731,21211
3732,19294
3733,17606
3734,16247
3735,15289
3736,14775
3737,14712
3738,15075
3739,15810
3740,16838
3741,18065
3742,19393
3743,20723
3744,21971
3745,23073
3746,23987
3747,24700
3748,25228
3749,25608
3750,25899
3751,26171
3752,26498
3753,26948
3754,27576
3755,28415
3756,29475
3757,30736
3758,32153
3759,33655
3760,35154
3761,36551
3762,37745
3763,38646
3764,39178
3765,39290
3766,38964
3767,38213
3768,37084
3769,35656
3770,34029
3771,32324
3772,30667
3773,29180
3774,27974
3775,27137
3776,26726
3777,26764
3778,27241
3779,28110
3780,29295
3781,30696
3782,32202
3783,33694
3784,35062
3785,36209
3786,37065
3787,37585
3788,37759
3789,37607
3790,37179
3791,36548
3792,35802
3793,35035
3794,34341
3795,33799
3796,33470
3797,33390
3798,33566
3799,33979
3800,34580
3801,35301
3802,36062
3803,36775
3804,37356
3805,37734
3806,37859
3807,37703
3808,37269
3809,36588
3810,35716
3811,34732
3812,33725
3813,32793
3814,32026
3815,31502
3816,31276
3817,31376
3818,31799
3819,32508
3820,33438
3821,34499
3822,35584
3823,36576
3824,37362
3825,37842
3826,37934
3827,37588
3828,36787
3829,35547
3830,33922
3831,31996
3832,29875
3833,27683
3834,25546
3835,23588
3836,21917
3837,20616
3838,19740
3839,19312
3840,19319
3841,19718
3842,20439
3843,21394
3844,22485
3845,23612
3846,24686
3847,25632
3848,26401
3849,26967
3850,27335
3851,27535
3852,27618
3853,27650
3854,27706
3855,27856
3856,28162
3857,28667
3858,29391
3859,30326
3860,31437
3861,32663
3862,33922
3863,35119
3864,36153
3865,36928
3866,37362
3867,37394
3868,36992
3869,36156
3870,34920
3871,33351
3872,31543
3873,29608
3874,27672
3875,25862
3876,24292
3877,23062
3878,22241
3879,21868
3880,21944
3881,22439
3882,23287
3883,24397
3884,25661
3885,26962
3886,28187
3887,29231
3888,30014
3889,30480
3890,30604
3891,30397
3892,29895
3893,29164
3894,28287
3895,27357
3896,26469
3897,25709
3898,25147
3899,24829
3900,24774
3901,24974
3902,25390
3903,25962
3904,26614
3905,27260
3906,27814
3907,28198
3908,28353
3909,28242
3910,27856
3911,27215
3912,26364
3913,25375
3914,24334
3915,23336
3916,22475
3917,21835
3918,21482
3919,21455
3920,21763
3921,22384
3922,23262
3923,24317
3924,25447
3925,26538
3926,27476
3927,28152
3928,28477
3929,28387
3930,27851
3931,26873
3932,25492
3933,23778
3934,21832
3935,19770
3936,17720
3937,15806
3938,14145
3939,12829
3940,11927
3941,11474
3942,11469
3943,11883
3944,12656
3945,13704
3946,14933
3947,16242
3948,17538
3949,18737
3950,19780
3951,20631
3952,21283
3953,21756
3954,22093
3955,22355
3956,22614
3957,22942
3958,23407
3959,24058
3960,24926
3961,26014
3962,27297
3963,28724
3964,30221
3965,31696
3966,33050
3967,34184
3968,35008
3969,35451
3970,35469
3971,35050
3972,34214
3973,33014
3974,31533
3975,29879
3976,28172
3977,26539
3978,25101
3979,23964
3980,23210
3981,22892
3982,23024
3983,23589
3984,24534
3985,25778
3986,27218
3987,28739
3988,30224
3989,31566
3990,32672
3991,33475
3992,33940
3993,34061
3994,33864
3995,33406
3996,32762
3997,32022
3998,31282
3999,30633
4000,30151
4001,29892
4002,29887
4003,30137
4004,30617
4005,31274
4006,32038
4007,32824
4008,33546
4009,34122
4010,34483
4011,34585
4012,34405
4013,33952
4014,33263
4015,32397
4016,31438
4017,30476
4018,29609
4019,28924
4020,28496
4021,28376
4022,28584
4023,29111
4024,29915
4025,30924
4026,32045
4027,33167
4028,34175
4029,34956
4030,35413
4031,35472
4032,35086
4033,34247
4034,32978
4035,31339
4036,29420
4037,27330
4038,25195
4039,23143
4040,21292
4041,19748
4042,18589
4043,17863
4044,17586
4045,17738
4046,18271
4047,19111
4048,20166
4049,21337
4050,22527
4051,23648
4052,24630
4053,25428
4054,26023
4055,26424
4056,26667
4057,26806
4058,26909
4059,27052
4060,27302
4061,27720
4062,28343
4063,29187
4064,30238
4065,31455
4066,32772
4067,34105
4068,35357
4069,36427
4070,37220
4071,37659
4072,37687
4073,37279
4074,36442
4075,35217
4076,33676
4077,31917
4078,30057
4079,28222
4080,26537
4081,25115
4082,24048
4083,23403
4084,23208
4085,23461
4086,24121
4087,25119
4088,26358
4089,27730
4090,29115
4091,30402
4092,31492
4093,32306
4094,32797
4095,32946
4096,32768
4097,32308
4098,31634
4099,30832
4100,29997
4101,29223
4102,28592
4103,28171
4104,28000
4105,28093
4106,28435
4107,28983
4108,29674
4109,30428
4110,31158
4111,31780
4112,32219
4113,32420
4114,32350
4115,32008
4116,31416
4117,30629
4118,29719
4119,28776
4120,27895
4121,27169
4122,26680
4123,26487
4124,26624
4125,27095
4126,27869
4127,28886
4128,30062
4129,31290
4130,32457
4131,33447
4132,34155
4133,34498
4134,34417
4135,33887
4136,32920
4137,31561
4138,29888
4139,28004
4140,26029
4141,24091
4142,22314
4143,20809
4144,19666
4145,18945
4146,18676
4147,18852
4148,19436
4149,20363
4150,21547
4151,22892
4152,24297
4153,25669
4154,26932
4155,28028
4156,28929
4157,29632
4158,30163
4159,30567
4160,30910
4161,31265
4162,31702
4163,32287
4164,33066
4165,34063
4166,35278
4167,36678
4168,38209
4169,39792
4170,41334
4171,42733
4172,43892
4173,44725
4174,45165
4175,45175
4176,44748
4177,43911
4178,42725
4179,41276
4180,39677
4181,38049
4182,36520
4183,35207
4184,34214
4185,33616
4186,33458
4187,33750
4188,34466
4189,35546
4190,36906
4191,38438
4192,40027
4193,41557
4194,42922
4195,44036
4196,44836
4197,45293
4198,45408
4199,45213
4200,44770
4201,44157
4202,43467
4203,42794
4204,42228
4205,41841
4206,41684
4207,41783
4208,42134
4209,42704
4210,43438
4211,44261
4212,45088
4213,45833
4214,46416
4215,46773
4216,46862
4217,46668
4218,46205
4219,45514
4220,44662
4221,43732
4222,42818
4223,42016
4224,41412
4225,41076
4226,41052
4227,41357
4228,41974
4229,42854
4230,43921
4231,45078
4232,46212
4233,47207
4234,47954
4235,48358
4236,48351
4237,47894
4238,46984
4239,45653
4240,43967
4241,42018
4242,39923
4243,37807
4244,35797
4245,34011
4246,32547
4247,31480
4248,30850
4249,30667
4250,30904
4251,31508
4252,32400
4253,33487
4254,34669
4255,35850
4256,36945
4257,37889
4258,38641
4259,39189
4260,39547
4261,39755
4262,39871
4263,39965
4264,40111
4265,40377
4266,40818
4267,41469
4268,42339
4269,43408
4270,44631
4271,45938
4272,47240
4273,48440
4274,49437
4275,50139
4276,50472
4277,50386
4278,49861
4279,48912
4280,47585
4281,45958
4282,44135
4283,42235
4284,40384
4285,38705
4286,37309
4287,36282
4288,35684
4289,35539
4290,35834
4291,36523
4292,37532
4293,38760
4294,40096
4295,41421
4296,42626
4297,43614
4298,44315
4299,44684
4300,44711
4301,44416
4302,43851
4303,43086
4304,42211
4305,41321
4306,40508
4307,39853
4308,39416
4309,39234
4310,39314
4311,39635
4312,40151
4313,40793
4314,41480
4315,42125
4316,42645
4317,42968
4318,43044
4319,42845
4320,42375
4321,41664
4322,40768
4323,39767
4324,38750
4325,37813
4326,37049
4327,36533
4328,36323
4329,36445
4330,36896
4331,37640
4332,38612
4333,39720
4334,40859
4335,41911
4336,42764
4337,43316
4338,43488
4339,43227
4340,42516
4341,41374
4342,39852
4343,38034
4344,36028
4345,33955
4346,31944
4347,30116
4348,28580
4349,27420
4350,26691
4351,26413
4352,26575
4353,27133
4354,28018
4355,29142
4356,30405
4357,31708
4358,32962
4359,34091
4360,35046
4361,35803
4362,36364
4363,36759
4364,37040
4365,37274
4366,37532
4367,37888
4368,38401
4369,39115
4370,40049
4371,41195
4372,42518
4373,43958
4374,45431
4375,46842
4376,48091
4377,49081
4378,49729
4379,49975
4380,49786
4381,49162
4382,48138
4383,46780
4384,45180
4385,43453
4386,41723
4387,40115
4388,38747
4389,37715
4390,37090
4391,36910
4392,37177
4393,37858
4394,38889
4395,40179
4396,41619
4397,43093
4398,44485
4399,45693
4400,46635
4401,47255
4402,47530
4403,47467
4404,47105
4405,46508
4406,45760
4407,44953
4408,44183
4409,43536
4410,43079
4411,42862
4412,42901
4413,43188
4414,43685
4415,44332
4416,45053
4417,45761
4418,46369
4419,46802
4420,46999
4421,46922
4422,46564
4423,45943
4424,45106
4425,44123
4426,43082
4427,42076
4428,41201
4429,40540
4430,40158
4431,40095
4432,40360
4433,40930
4434,41751
4435,42741
4436,43800
4437,44813
4438,45666
4439,46250
4440,46476
4441,46281
4442,45633
4443,44537
4444,43030
4445,41185
4446,39101
4447,36896
4448,34695
4449,32626
4450,30802
4451,29319
4452,28244
4453,27612
4454,27424
4455,27649
4456,28227
4457,29077
4458,30103
4459,31204
4460,32287
4461,33269
4462,34092
4463,34718
4464,35143
4465,35384
4466,35486
4467,35510
4468,35528
4469,35613
4470,35831
4471,36234
4472,36852
4473,37687
4474,38717
4475,39888
4476,41128
4477,42345
4478,43440
4479,44314
4480,44878
4481,45061
4482,44820
4483,44140
4484,43044
4485,41585
4486,39847
4487,37935
4488,35972
4489,34084
4490,32393
4491,31005
4492,30003
4493,29437
4494,29325
4495,29649
4496,30355
4497,31363
4498,32569
4499,33861
4500,35121
4501,36240
4502,37128
4503,37717
4504,37972
4505,37887
4506,37490
4507,36835
4508,36000
4509,35073
4510,34152
4511,33327
4512,32673
4513,32249
4514,32084
4515,32181
4516,32513
4517,33027
4518,33655
4519,34311
4520,34908
4521,35366
4522,35617
4523,35613
4524,35335
4525,34790
4526,34014
4527,33070
4528,32038
4529,31010
4530,30084
4531,29347
4532,28873
4533,28713
4534,28889
4535,29390
4536,30174
4537,31171
4538,32286
4539,33408
4540,34423
4541,35217
4542,35694
4543,35778
4544,35425
4545,34624
4546,33400
4547,31812
4548,29949
4549,27921
4550,25854
4551,23875
4552,22104
4553,20644
4554,19574
4555,18943
4556,18765
4557,19022
4558,19664
4559,20617
4560,21790
4561,23084
4562,24400
4563,25651
4564,26766
4565,27701
4566,28437
4567,28983
4568,29372
4569,29661
4570,29917
4571,30214
4572,30622
4573,31198
4574,31983
4575,32989
4576,34204
4577,35586
4578,37070
4579,38570
4580,39989
4581,41227
4582,42189
4583,42796
4584,42992
4585,42752
4586,42082
4587,41024
4588,39648
4589,38053
4590,36356
4591,34682
4592,33156
4593,31891
4594,30979
4595,30486
4596,30441
4597,30841
4598,31645
4599,32783
4600,34160
4601,35665
4602,37181
4603,38594
4604,39806
4605,40738
4606,41342
4607,41600
4608,41526
4609,41165
4610,40586
4611,39873
4612,39122
4613,38426
4614,37868
4615,37514
4616,37405
4617,37554
4618,37945
4619,38537
4620,39265
4621,40050
4622,40805
4623,41446
4624,41897
4625,42103
4626,42032
4627,41681
4628,41076
4629,40267
4630,39329
4631,38351
4632,37428
4633,36654
4634,36109
4635,35854
4636,35923
4637,36318
4638,37009
4639,37938
4640,39017
4641,40143
4642,41200
4643,42075
4644,42661
4645,42875
4646,42658
4647,41987
4648,40872
4649,39360
4650,37527
4651,35477
4652,33331
4653,31215
4654,29255
4655,27561
4656,26224
4657,25305
4658,24831
4659,24798
4660,25168
4661,25877
4662,26838
4663,27955
4664,29129
4665,30266
4666,31289
4667,32142
4668,32797
4669,33250
4670,33527
4671,33676
4672,33761
4673,33854
4674,34028
4675,34347
4676,34858
4677,35587
4678,36530
4679,37659
4680,38917
4681,40225
4682,41492
4683,42616
4684,43499
4685,44056
4686,44221
4687,43956
4688,43254
4689,42144
4690,40684
4691,38964
4692,37094
4693,35198
4694,33402
4695,31824
4696,30568
4697,29710
4698,29295
4699,29332
4700,29796
4701,30628
4702,31742
4703,33032
4704,34383
4705,35679
4706,36815
4707,37702
4708,38282
4709,38522
4710,38425
4711,38024
4712,37379
4713,36569
4714,35687
4715,34829
4716,34082
4717,33520
4718,33195
4719,33132
4720,33326
4721,33745
4722,34335
4723,35020
4724,35716
4725,36336
4726,36801
4727,37046
4728,37030
4729,36738
4730,36184
4731,35409
4732,34479
4733,33479
4734,32501
4735,31643
4736,30989
4737,30610
4738,30551
4739,30828
4740,31423
4741,32288
4742,33348
4743,34504
4744,35644
4745,36652
4746,37419
4747,37849
4748,37875
4749,37458
4750,36594
4751,35315
4752,33687
4753,31804
4754,29780
4755,27741
4756,25814
4757,24116
4758,22747
4759,21780
4760,21256
4761,21183
4762,21536
4763,22260
4764,23278
4765,24495
4766,25812
4767,27132
4768,28370
4769,29461
4770,30365
4771,31067
4772,31584
4773,31954
4774,32234
4775,32495
4776,32812
4777,33250
4778,33867
4779,34695
4780,35744
4781,36994
4782,38399
4783,39890
4784,41377
4785,42762
4786,43946
4787,44835
4788,45355
4789,45456
4790,45118
4791,44355
4792,43214
4793,41774
4794,40135
4795,38418
4796,36748
4797,35250
4798,34032
4799,33182
4800,32758
4801,32785
4802,33249
4803,34106
4804,35278
4805,36667
4806,38159
4807,39639
4808,40994
4809,42129
4810,42971
4811,43479
4812,43639
4813,43475
4814,43034
4815,42389
4816,41630
4817,40850
4818,40142
4819,39586
4820,39244
4821,39151
4822,39314
4823,39712
4824,40300
4825,41008
4826,41754
4827,42453
4828,43021
4829,43385
4830,43495
4831,43326
4832,42878
4833,42182
4834,41296
4835,40298
4836,39277
4837,38331
4838,37549
4839,37011
4840,36770
4841,36856
4842,37264
4843,37958
4844,38874
4845,39920
4846,40990
4847,41967
4848,42738
4849,43203
4850,43280
4851,42919
4852,42102
4853,40848
4854,39208
4855,37266
4856,35130
4857,32922
4858,30770
4859,28797
4860,27110
4861,25793
4862,24902
4863,24459
4864,24450
4865,24833
4866,25538
4867,26477
4868,27552
4869,28664
4870,29721
4871,30651
4872,31404
4873,31954
4874,32306
4875,32489
4876,32556
4877,32572
4878,32611
4879,32745
4880,33034
4881,33523
4882,34230
4883,35149
4884,36243
4885,37452
4886,38695
4887,39875
4888,40892
4889,41651
4890,42068
4891,42082
4892,41663
4893,40810
4894,39557
4895,37971
4896,36145
4897,34194
4898,32241
4899,30413
4900,28826
4901,27578
4902,26740
4903,26349
4904,26408
4905,26885
4906,27715
4907,28808
4908,30054
4909,31338
4910,32544
4911,33571
4912,34336
4913,34784
4914,34891
4915,34665
4916,34145
4917,33396
4918,32501
4919,31553
4920,30647
4921,29869
4922,29288
4923,28952
4924,28879
4925,29060
4926,29458
4927,30012
4928,30645
4929,31273
4930,31808
4931,32174
4932,32310
4933,32180
4934,31776
4935,31115
4936,30246
4937,29238
4938,28178
4939,27161
4940,26281
4941,25623
4942,25251
4943,25205
4944,25494
4945,26095
4946,26954
4947,27989
4948,29100
4949,30172
4950,31091
4951,31747
4952,32053
4953,31944
4954,31389
4955,30391
4956,28990
4957,27257
4958,25292
4959,23210
4960,21140
4961,19207
4962,17526
4963,16191
4964,15269
4965,14795
4966,14771
4967,15165
4968,15918
4969,16946
4970,18155
4971,19445
4972,20720
4973,21899
4974,22922
4975,23753
4976,24385
4977,24838
4978,25155
4979,25397
4980,25635
4981,25943
4982,26388
4983,27019
4984,27867
4985,28934
4986,30197
4987,31604
4988,33080
4989,34535
4990,35868
4991,36981
4992,37784
4993,38207
4994,38205
4995,37765
4996,36908
4997,35687
4998,34186
4999,32511
5000,30783
5001,29129
5002,27670
5003,26513
5004,25738
5005,25399
5006,25510
5007,26055
5008,26979
5009,28201
5010,29620
5011,31120
5012,32584
5013,33905
5014,34990
5015,35772
5016,36216
5017,36315
5018,36098
5019,35618
5020,34953
5021,34192
5022,33431
5023,32760
5024,32257
5025,31977
5026,31950
5027,32179
5028,32638
5029,33274
5030,34016
5031,34781
5032,35481
5033,36035
5034,36376
5035,36456
5036,36254
5037,35780
5038,35069
5039,34182
5040,33201
5041,32218
5042,31328
5043,30622
5044,30173
5045,30031
5046,30217
5047,30723
5048,31505
5049,32492
5050,33591
5051,34692
5052,35677
5053,36437
5054,36872
5055,36909
5056,36502
5057,35640
5058,34350
5059,32689
5060,30748
5061,28637
5062,26480
5063,24405
5064,22533
5065,20967
5066,19786
5067,19038
5068,18739
5069,18869
5070,19380
5071,20197
5072,21230
5073,22380
5074,23548
5075,24646
5076,25606
5077,26382
5078,26955
5079,27334
5080,27555
5081,27672
5082,27753
5083,27873
5084,28102
5085,28498
5086,29099
5087,29920
5088,30949
5089,32144
5090,33439
5091,34750
5092,35979
5093,37027
5094,37798
5095,38215
5096,38221
5097,37790
5098,36931
5099,35684
5100,34121
5101,32340
5102,30457
5103,28600
5104,26893
5105,25448
5106,24360
5107,23692
5108,23475
5109,23706
5110,24344
5111,25319
5112,26536
5113,27885
5114,29249
5115,30514
5116,31581
5117,32373
5118,32841
5119,32968
5120,32768
5121,32285
5122,31589
5123,30765
5124,29908
5125,29112
5126,28459
5127,28015
5128,27822
5129,27893
5130,28212
5131,28738
5132,29407
5133,30139
5134,30847
5135,31446
5136,31863
5137,32042
5138,31950
5139,31585
5140,30971
5141,30162
5142,29230
5143,28264
5144,27361
5145,26613
5146,26101
5147,25886
5148,26002
5149,26450
5150,27202
5151,28197
5152,29351
5153,30557
5154,31701
5155,32669
5156,33356
5157,33676
5158,33573
5159,33021
5160,32032
5161,30651
5162,28956
5163,27050
5164,25053
5165,23092
5166,21293
5167,19766
5168,18601
5169,17859
5170,17567
5171,17721
5172,18283
5173,19188
5174,20350
5175,21673
5176,23056
5177,24407
5178,25648
5179,26722
5180,27601
5181,28282
5182,28791
5183,29174
5184,29495
5185,29827
5186,30243
5187,30806
5188,31563
5189,32539
5190,33731
5191,35110
5192,36620
5193,38181
5194,39701
5195,41078
5196,42215
5197,43027
5198,43446
5199,43434
5200,42985
5201,42127
5202,40919
5203,39449
5204,37828
5205,36179
5206,34628
5207,33294
5208,32279
5209,31660
5210,31480
5211,31751
5212,32445
5213,33504
5214,34842
5215,36353
5216,37921
5217,39430
5218,40773
5219,41866
5220,42645
5221,43080
5222,43174
5223,42959
5224,42494
5225,41860
5226,41149
5227,40455
5228,39868
5229,39459
5230,39282
5231,39360
5232,39689
5233,40239
5234,40952
5235,41754
5236,42560
5237,43285
5238,43847
5239,44183
5240,44251
5241,44036
5242,43552
5243,42841
5244,41968
5245,41017
5246,40083
5247,39260
5248,38635
5249,38279
5250,38235
5251,38519
5252,39115
5253,39975
5254,41022
5255,42158
5256,43272
5257,44247
5258,44973
5259,45357
5260,45330
5261,44853
5262,43922
5263,42571
5264,40864
5265,38896
5266,36781
5267,34645
5268,32615
5269,30808
5270,29325
5271,28238
5272,27588
5273,27385
5274,27602
5275,28186
5276,29058
5277,30126
5278,31288
5279,32449
5280,33525
5281,34449
5282,35181
5283,35710
5284,36049
5285,36237
5286,36334
5287,36408
5288,36535
5289,36781
5290,37203
5291,37835
5292,38685
5293,39735
5294,40939
5295,42227
5296,43510
5297,44691
5298,45669
5299,46352
5300,46666
5301,46561
5302,46017
5303,45049
5304,43703
5305,42058
5306,40216
5307,38297
5308,36427
5309,34730
5310,33315
5311,32270
5312,31653
5313,31489
5314,31766
5315,32437
5316,33427
5317,34637
5318,35954
5319,37262
5320,38448
5321,39418
5322,40100
5323,40452
5324,40460
5325,40148
5326,39564
5327,38782
5328,37889
5329,36981
5330,36151
5331,35478
5332,35023
5333,34823
5334,34885
5335,35189
5336,35687
5337,36311
5338,36981
5339,37609
5340,38111
5341,38417
5342,38475
5343,38259
5344,37772
5345,37043
5346,36131
5347,35112
5348,34078
5349,33125
5350,32343
5351,31811
5352,31584
5353,31689
5354,32123
5355,32850
5356,33805
5357,34897
5358,36019
5359,37055
5360,37892
5361,38427
5362,38582
5363,38305
5364,37578
5365,36419
5366,34881
5367,33047
5368,31025
5369,28936
5370,26908
5371,25065
5372,23513
5373,22337
5374,21592
5375,21298
5376,21444
5377,21987
5378,22857
5379,23964
5380,25212
5381,26500
5382,27738
5383,28852
5384,29791
5385,30532
5386,31078
5387,31458
5388,31725
5389,31943
5390,32186
5391,32527
5392,33025
5393,33724
5394,34643
5395,35774
5396,37083
5397,38507
5398,39966
5399,41363
5400,42597
5401,43572
5402,44206
5403,44437
5404,44234
5405,43596
5406,42558
5407,41185
5408,39571
5409,37830
5410,36086
5411,34464
5412,33082
5413,32036
5414,31397
5415,31204
5416,31457
5417,32125
5418,33142
5419,34418
5420,35845
5421,37305
5422,38684
5423,39879
5424,40807
5425,41414
5426,41676
5427,41599
5428,41224
5429,40615
5430,39853
5431,39034
5432,38251
5433,37591
5434,37122
5435,36891
5436,36918
5437,37192
5438,37677
5439,38312
5440,39020
5441,39715
5442,40312
5443,40732
5444,40917
5445,40828
5446,40458
5447,39825
5448,38976
5449,37982
5450,36928
5451,35911
5452,35024
5453,34351
5454,33957
5455,33883
5456,34136
5457,34695
5458,35505
5459,36484
5460,37531
5461,38534
5462,39375
5463,39948
5464,40163
5465,39957
5466,39299
5467,38191
5468,36674
5469,34818
5470,32724
5471,30507
5472,28296
5473,26216
5474,24383
5475,22889
5476,21804
5477,21162
5478,20963
5479,21178
5480,21747
5481,22586
5482,23602
5483,24693
5484,25766
5485,26739
5486,27552
5487,28169
5488,28584
5489,28816
5490,28908
5491,28923
5492,28931
5493,29007
5494,29216
5495,29610
5496,30219
5497,31045
5498,32065
5499,33228
5500,34459
5501,35668
5502,36754
5503,37620
5504,38175
5505,38349
5506,38099
5507,37412
5508,36307
5509,34840
5510,33093
5511,31173
5512,29202
5513,27307
5514,25608
5515,24212
5516,23202
5517,22628
5518,22509
5519,22825
5520,23523
5521,24524
5522,25723
5523,27007
5524,28260
5525,29372
5526,30253
5527,30835
5528,31083
5529,30991
5530,30587
5531,29925
5532,29083
5533,28150
5534,27222
5535,26390
5536,25730
5537,25300
5538,25128
5539,25219
5540,25544
5541,26053
5542,26674
5543,27324
5544,27916
5545,28368
5546,28612
5547,28603
5548,28319
5549,27768
5550,26987
5551,26037
5552,25000
5553,23967
5554,23035
5555,22293
5556,21814
5557,21649
5558,21819
5559,22316
5560,23095
5561,24087
5562,25197
5563,26315
5564,27324
5565,28114
5566,28587
5567,28667
5568,28309
5569,27504
5570,26275
5571,24683
5572,22816
5573,20784
5574,18713
5575,16730
5576,14955
5577,13491
5578,12418
5579,11783
5580,11602
5581,11855
5582,12493
5583,13443
5584,14613
5585,15903
5586,17216
5587,18464
5588,19577
5589,20509
5590,21242
5591,21784
5592,22171
5593,22457
5594,22711
5595,23005
5596,23410
5597,23985
5598,24767
5599,25771
5600,26983
5601,28363
5602,29845
5603,31343
5604,32760
5605,33996
5606,34956
5607,35562
5608,35756
5609,35515
5610,34843
5611,33783
5612,32406
5613,30810
5614,29111
5615,27436
5616,25909
5617,24643
5618,23730
5619,23236
5620,23191
5621,23589
5622,24393
5623,25530
5624,26907
5625,28411
5626,29927
5627,31339
5628,32551
5629,33483
5630,34086
5631,34344
5632,34271
5633,33910
5634,33330
5635,32618
5636,31867
5637,31171
5638,30614
5639,30260
5640,30151
5641,30301
5642,30693
5643,31285
5644,32015
5645,32800
5646,33557
5647,34198
5648,34650
5649,34857
5650,34787
5651,34438
5652,33834
5653,33026
5654,32090
5655,31113
5656,30192
5657,29420
5658,28877
5659,28624
5660,28694
5661,29091
5662,29784
5663,30715
5664,31797
5665,32925
5666,33984
5667,34861
5668,35450
5669,35666
5670,35452
5671,34784
5672,33671
5673,32161
5674,30331
5675,28284
5676,26141
5677,24028
5678,22071
5679,20381
5680,19047
5681,18131
5682,17661
5683,17631
5684,18005
5685,18717
5686,19682
5687,20803
5688,21980
5689,23121
5690,24148
5691,25005
5692,25664
5693,26121
5694,26403
5695,26556
5696,26645
5697,26742
5698,26920
5699,27244
5700,27760
5701,28493
5702,29441
5703,30575
5704,31837
5705,33151
5706,34422
5707,35551
5708,36440
5709,37002
5710,37172
5711,36913
5712,36216
5713,35111
5714,33657
5715,31942
5716,30078
5717,28188
5718,26397
5719,24826
5720,23576
5721,22723
5722,22314
5723,22357
5724,22827
5725,23665
5726,24786
5727,26082
5728,27440
5729,28743
5730,29885
5731,30779
5732,31365
5733,31612
5734,31522
5735,31127
5736,30489
5737,29687
5738,28812
5739,27961
5740,27221
5741,26667
5742,26349
5743,26293
5744,26494
5745,26921
5746,27519
5747,28212
5748,28915
5749,29543
5750,30016
5751,30269
5752,30261
5753,29977
5754,29431
5755,28664
5756,27742
5757,26750
5758,25781
5759,24931
5760,24286
5761,23916
5762,23865
5763,24150
5764,24754
5765,25629
5766,26697
5767,27862
5768,29011
5769,30028
5770,30804
5771,31244
5772,31279
5773,30871
5774,30016
5775,28747
5776,27128
5777,25255
5778,23240
5779,21211
5780,19294
5781,17606
5782,16247
5783,15289
5784,14775
5785,14712
5786,15075
5787,15810
5788,16838
5789,18065
5790,19393
5791,20723
5792,21971
5793,23073
5794,23987
5795,24700
5796,25228
5797,25608
5798,25899
5799,26171
5800,26498
5801,26948
5802,27576
5803,28415
5804,29475
5805,30736
5806,32153
5807,33655
5808,35154
5809,36551
5810,37745
5811,38646
5812,39178
5813,39290
5814,38964
5815,38213
5816,37084
5817,35656
5818,34029
5819,32324
5820,30667
5821,29180
5822,27974
5823,27137
5824,26726
5825,26764
5826,27241
5827,28110
5828,29295
5829,30696
5830,32202
5831,33694
5832,35062
5833,36209
5834,37065
5835,37585
5836,37759
5837,37607
5838,37179
5839,36548
5840,35802
5841,35035
5842,34341
5843,33799
5844,33470
5845,33390
5846,33566
5847,33979
5848,34580
5849,35301
5850,36062
5851,36775
5852,37356
5853,37734
5854,37859
5855,37703
5856,37269
5857,36588
5858,35716
5859,34732
5860,33725
5861,32793
5862,32026
5863,31502
5864,31276
5865,31376
5866,31799
5867,32508
5868,33438
5869,34499
5870,35584
5871,36576
5872,37362
5873,37842
5874,37934
5875,37588
5876,36787
5877,35547
5878,33922
5879,31996
5880,29875
5881,27683
5882,25546
5883,23588
5884,21917
5885,20616
5886,19740
5887,19312
5888,19319
5889,19718
5890,20439
5891,21394
5892,22485
5893,23612
5894,24686
5895,25632
5896,26401
5897,26967
5898,27335
5899,27535
5900,27618
5901,27650
5902,27706
5903,27856
5904,28162
5905,28667
5906,29391
5907,30326
5908,31437
5909,32663
5910,33922
5911,35119
5912,36153
5913,36928
5914,37362
5915,37394
5916,36992
5917,36156
5918,34920
5919,33351
5920,31543
5921,29608
5922,27672
5923,25862
5924,24292
5925,23062
5926,22241
5927,21868
5928,21944
5929,22439
5930,23287
5931,24397
5932,25661
5933,26962
5934,28187
5935,29231
5936,30014
5937,30480
5938,30604
5939,30397
5940,29895
5941,29164
5942,28287
5943,27357
5944,26469
5945,25709
5946,25147
5947,24829
5948,24774
5949,24974
5950,25390
5951,25962
5952,26614
5953,27260
5954,27814
5955,28198
5956,28353
5957,28242
5958,27856
5959,27215
5960,26364
5961,25375
5962,24334
5963,23336
5964,22475
5965,21835
5966,21482
5967,21455
5968,21763
5969,22384
5970,23262
5971,24317
5972,25447
5973,26538
5974,27476
5975,28152
5976,28477
5977,28387
5978,27851
5979,26873
5980,25492
5981,23778
5982,21832
5983,19770
5984,17720
5985,15806
5986,14145
5987,12829
5988,11927
5989,11474
5990,11469
5991,11883
5992,12656
5993,13704
5994,14933
5995,16242
5996,17538
5997,18737
5998,19780
5999,20631
6000,21283
6001,21756
6002,22093
6003,22355
6004,22614
6005,22942
6006,23407
6007,24058
6008,24926
6009,26014
6010,27297
6011,28724
6012,30221
6013,31696
6014,33050
6015,34184
6016,35008
6017,35451
6018,35469
6019,35050
6020,34214
6021,33014
6022,31533
6023,29879
6024,28172
6025,26539
6026,25101
6027,23964
6028,23210
6029,22892
6030,23024
6031,23589
6032,24534
6033,25778
6034,27218
6035,28739
6036,30224
6037,31566
6038,32672
6039,33475
6040,33940
6041,34061
6042,33864
6043,33406
6044,32762
6045,32022
6046,31282
6047,30633
6048,30151
6049,29892
6050,29887
6051,30137
6052,30617
6053,31274
6054,32038
6055,32824
6056,33546
6057,34122
6058,34483
6059,34585
6060,34405
6061,33952
6062,33263
6063,32397
6064,31438
6065,30476
6066,29609
6067,28924
6068,28496
6069,28376
6070,28584
6071,29111
6072,29915
6073,30924
6074,32045
6075,33167
6076,34175
6077,34956
6078,35413
6079,35472
6080,35086
6081,34247
6082,32978
6083,31339
6084,29420
6085,27330
6086,25195
6087,23143
6088,21292
6089,19748
6090,18589
6091,17863
6092,17586
6093,17738
6094,18271
6095,19111
6096,20166
6097,21337
6098,22527
6099,23648
6100,24630
6101,25428
6102,26023
6103,26424
6104,26667
6105,26806
6106,26909
6107,27052
6108,27302
6109,27720
6110,28343
6111,29187
6112,30238
6113,31455
6114,32772
6115,34105
6116,35357
6117,36427
6118,37220
6119,37659
6120,37687
6121,37279
6122,36442
6123,35217
6124,33676
6125,31917
6126,30057
6127,28222
6128,26537
6129,25115
6130,24048
6131,23403
6132,23208
6133,23461
6134,24121
6135,25119
6136,26358
6137,27730
6138,29115
6139,30402
6140,31492
6141,32306
6142,32797
6143,32946
6144,32768
6145,32308
6146,31634
6147,30832
6148,29997
6149,29223
6150,28592
6151,28171
6152,28000
6153,28093
6154,28435
6155,28983
6156,29674
6157,30428
6158,31158
6159,31780
6160,32219
6161,32420
6162,32350
6163,32008
6164,31416
6165,30629
6166,29719
6167,28776
6168,27895
6169,27169
6170,26680
6171,26487
6172,26624
6173,27095
6174,27869
6175,28886
6176,30062
6177,31290
6178,32457
6179,33447
6180,34155
6181,34498
6182,34417
6183,33887
6184,32920
6185,31561
6186,29888
6187,28004
6188,26029
6189,24091
6190,22314
6191,20809
6192,19666
6193,18945
6194,18676
6195,18852
6196,19436
6197,20363
6198,21547
6199,22892
6200,24297
6201,25669
6202,26932
6203,28028
6204,28929
6205,29632
6206,30163
6207,30567
6208,30910
6209,31265
6210,31702
6211,32287
6212,33066
6213,34063
6214,35278
6215,36678
6216,38209
6217,39792
6218,41334
6219,42733
6220,43892
6221,44725
6222,45165
6223,45175
6224,44748
6225,43911
6226,42725
6227,41276
6228,39677
6229,38049
6230,36520
6231,35207
6232,34214
6233,33616
6234,33458
6235,33750
6236,34466
6237,35546
6238,36906
6239,38438
6240,40027
6241,41557
6242,42922
6243,44036
6244,44836
6245,45293
6246,45408
6247,45213
6248,44770
6249,44157
6250,43467
6251,42794
6252,42228
6253,41841
6254,41684
6255,41783
6256,42134
6257,42704
6258,43438
6259,44261
6260,45088
6261,45833
6262,46416
6263,46773
6264,46862
6265,46668
6266,46205
6267,45514
6268,44662
6269,43732
6270,42818
6271,42016
6272,41412
6273,41076
6274,41052
6275,41357
6276,41974
6277,42854
6278,43921
6279,45078
6280,46212
6281,47207
6282,47954
6283,48358
6284,48351
6285,47894
6286,46984
6287,45653
6288,43967
6289,42018
6290,39923
6291,37807
6292,35797
6293,34011
6294,32547
6295,31480
6296,30850
6297,30667
6298,30904
6299,31508
6300,32400
6301,33487
6302,34669
6303,35850
6304,36945
6305,37889
6306,38641
6307,39189
6308,39547
6309,39755
6310,39871
6311,39965
6312,40111
6313,40377
6314,40818
6315,41469
6316,42339
6317,43408
6318,44631
6319,45938
6320,47240
6321,48440
6322,49437
6323,50139
6324,50472
6325,50386
6326,49861
6327,48912
6328,47585
6329,45958
6330,44135
6331,42235
6332,40384
6333,38705
6334,37309
6335,36282
6336,35684
6337,35539
6338,35834
6339,36523
6340,37532
6341,38760
6342,40096
6343,41421
6344,42626
6345,43614
6346,44315
6347,44684
6348,44711
6349,44416
6350,43851
6351,43086
6352,42211
6353,41321
6354,40508
6355,39853
6356,39416
6357,39234
6358,39314
6359,39635
6360,40151
6361,40793
6362,41480
6363,42125
6364,42645
6365,42968
6366,43044
6367,42845
6368,42375
6369,41664
6370,40768
6371,39767
6372,38750
6373,37813
6374,37049
6375,36533
6376,36323
6377,36445
6378,36896
6379,37640
6380,38612
6381,39720
6382,40859
6383,41911
6384,42764
6385,43316
6386,43488
6387,43227
6388,42516
6389,41374
6390,39852
6391,38034
6392,36028
6393,33955
6394,31944
6395,30116
6396,28580
6397,27420
6398,26691
6399,26413
6400,26575
6401,27133
6402,28018
6403,29142
6404,30405
6405,31708
6406,32962
6407,34091
6408,35046
6409,35803
6410,36364
6411,36759
6412,37040
6413,37274
6414,37532
6415,37888
6416,38401
6417,39115
6418,40049
6419,41195
6420,42518
6421,43958
6422,45431
6423,46842
6424,48091
6425,49081
6426,49729
6427,49975
6428,49786
6429,49162
6430,48138
6431,46780
6432,45180
6433,43453
6434,41723
6435,40115
6436,38747
6437,37715
6438,37090
6439,36910
6440,37177
6441,37858
6442,38889
6443,40179
6444,41619
6445,43093
6446,44485
6447,45693
6448,46635
6449,47255
6450,47530
6451,47467
6452,47105
6453,46508
6454,45760
6455,44953
6456,44183
6457,43536
6458,43079
6459,42862
6460,42901
6461,43188
6462,43685
6463,44332
6464,45053
6465,45761
6466,46369
6467,46802
6468,46999
6469,46922
6470,46564
6471,45943
6472,45106
6473,44123
6474,43082
6475,42076
6476,41201
6477,40540
6478,40158
6479,40095
6480,40360
6481,40930
6482,41751
6483,42741
6484,43800
6485,44813
6486,45666
6487,46250
6488,46476
6489,46281
6490,45633
6491,44537
6492,43030
6493,41185
6494,39101
6495,36896
6496,34695
6497,32626
6498,30802
6499,29319
6500,28244
6501,27612
6502,27424
6503,27649
6504,28227
6505,29077
6506,30103
6507,31204
6508,32287
6509,33269
6510,34092
6511,34718
6512,35143
6513,35384
6514,35486
6515,35510
6516,35528
6517,35613
6518,35831
6519,36234
6520,36852
6521,37687
6522,38717
6523,39888
6524,41128
6525,42345
6526,43440
6527,44314
6528,44878
6529,45061
6530,44820
6531,44140
6532,43044
6533,41585
6534,39847
6535,37935
6536,35972
6537,34084
6538,32393
6539,31005
6540,30003
6541,29437
6542,29325
6543,29649
6544,30355
6545,31363
6546,32569
6547,33861
6548,35121
6549,36240
6550,37128
6551,37717
6552,37972
6553,37887
6554,37490
6555,36835
6556,36000
6557,35073
6558,34152
6559,33327
6560,32673
6561,32249
6562,32084
6563,32181
6564,32513
6565,33027
6566,33655
6567,34311
6568,34908
6569,35366
6570,35617
6571,35613
6572,35335
6573,34790
6574,34014
6575,33070
6576,32038
6577,31010
6578,30084
6579,29347
6580,28873
6581,28713
6582,28889
6583,29390
6584,30174
6585,31171
6586,32286
6587,33408
6588,34423
6589,35217
6590,35694
6591,35778
6592,35425
6593,34624
6594,33400
6595,31812
6596,29949
6597,27921
6598,25854
6599,23875
6600,22104
6601,20644
6602,19574
6603,18943
6604,18765
6605,19022
6606,19664
6607,20617
6608,21790
6609,23084
6610,24400
6611,25651
6612,26766
6613,27701
6614,28437
6615,28983
6616,29372
6617,29661
6618,29917
6619,30214
6620,30622
6621,31198
6622,31983
6623,32989
6624,34204
6625,35586
6626,37070
6627,38570
6628,39989
6629,41227
6630,42189
6631,42796
6632,42992
6633,42752
6634,42082
6635,41024
6636,39648
6637,38053
6638,36356
6639,34682
6640,33156
6641,31891
6642,30979
6643,30486
6644,30441
6645,30841
6646,31645
6647,32783
6648,34160
6649,35665
6650,37181
6651,38594
6652,39806
6653,40738
6654,41342
6655,41600
6656,41526
6657,41165
6658,40586
6659,39873
6660,39122
6661,38426
6662,37868
6663,37514
6664,37405
6665,37554
6666,37945
6667,38537
6668,39265
6669,40050
6670,40805
6671,41446
6672,41897
6673,42103
6674,42032
6675,41681
6676,41076
6677,40267
6678,39329
6679,38351
6680,37428
6681,36654
6682,36109
6683,35854
6684,35923
6685,36318
6686,37009
6687,37938
6688,39017
6689,40143
6690,41200
6691,42075
6692,42661
6693,42875
6694,42658
6695,41987
6696,40872
6697,39360
6698,37527
6699,35477
6700,33331
6701,31215
6702,29255
6703,27561
6704,26224
6705,25305
6706,24831
6707,24798
6708,25168
6709,25877
6710,26838
6711,27955
6712,29129
6713,30266
6714,31289
6715,32142
6716,32797
6717,33250
6718,33527
6719,33676
6720,33761
6721,33854
6722,34028
6723,34347
6724,34858
6725,35587
6726,36530
6727,37659
6728,38917
6729,40225
6730,41492
6731,42616
6732,43499
6733,44056
6734,44221
6735,43956
6736,43254
6737,42144
6738,40684
6739,38964
6740,37094
6741,35198
6742,33402
6743,31824
6744,30568
6745,29710
6746,29295
6747,29332
6748,29796
6749,30628
6750,31742
6751,33032
6752,34383
6753,35679
6754,36815
6755,37702
6756,38282
6757,38522
6758,38425
6759,38024
6760,37379
6761,36569
6762,35687
6763,34829
6764,34082
6765,33520
6766,33195
6767,33132
6768,33326
6769,33745
6770,34335
6771,35020
6772,35716
6773,36336
6774,36801
6775,37046
6776,37030
6777,36738
6778,36184
6779,35409
6780,34479
6781,33479
6782,32501
6783,31643
6784,30989
6785,30610
6786,30551
6787,30828
6788,31423
6789,32288
6790,33348
6791,34504
6792,35644
6793,36652
6794,37419
6795,37849
6796,37875
6797,37458
6798,36594
6799,35315
6800,33687
6801,31804
6802,29780
6803,27741
6804,25814
6805,24116
6806,22747
6807,21780
6808,21256
6809,21183
6810,21536
6811,22260
6812,23278
6813,24495
6814,25812
6815,27132
6816,28370
6817,29461
6818,30365
6819,31067
6820,31584
6821,31954
6822,32234
6823,32495
6824,32812
6825,33250
6826,33867
6827,34695
6828,35744
6829,36994
6830,38399
6831,39890
6832,41377
6833,42762
6834,43946
6835,44835
6836,45355
6837,45456
6838,45118
6839,44355
6840,43214
6841,41774
6842,40135
6843,38418
6844,36748
6845,35250
6846,34032
6847,33182
6848,32758
6849,32785
6850,33249
6851,34106
6852,35278
6853,36667
6854,38159
6855,39639
6856,40994
6857,42129
6858,42971
6859,43479
6860,43639
6861,43475
6862,43034
6863,42389
6864,41630
6865,40850
6866,40142
6867,39586
6868,39244
6869,39151
6870,39314
6871,39712
6872,40300
6873,41008
6874,41754
6875,42453
6876,43021
6877,43385
6878,43495
6879,43326
6880,42878
6881,42182
6882,41296
6883,40298
6884,39277
6885,38331
6886,37549
6887,37011
6888,36770
6889,36856
6890,37264
6891,37958
6892,38874
6893,39920
6894,40990
6895,41967
6896,42738
6897,43203
6898,43280
6899,42919
6900,42102
6901,40848
6902,39208
6903,37266
6904,35130
6905,32922
6906,30770
6907,28797
6908,27110
6909,25793
6910,24902
6911,24459
6912,24450
6913,24833
6914,25538
6915,26477
6916,27552
6917,28664
6918,29721
6919,30651
6920,31404
6921,31954
6922,32306
6923,32489
6924,32556
6925,32572
6926,32611
6927,32745
6928,33034
6929,33523
6930,34230
6931,35149
6932,36243
6933,37452
6934,38695
6935,39875
6936,40892
6937,41651
6938,42068
6939,42082
6940,41663
6941,40810
6942,39557
6943,37971
6944,36145
6945,34194
6946,32241
6947,30413
6948,28826
6949,27578
6950,26740
6951,26349
6952,26408
6953,26885
6954,27715
6955,28808
6956,30054
6957,31338
6958,32544
6959,33571
6960,34336
6961,34784
6962,34891
6963,34665
6964,34145
6965,33396
6966,32501
6967,31553
6968,30647
6969,29869
6970,29288
6971,28952
6972,28879
6973,29060
6974,29458
6975,30012
6976,30645
6977,31273
6978,31808
6979,32174
6980,32310
6981,32180
6982,31776
6983,31115
6984,30246
6985,29238
6986,28178
6987,27161
6988,26281
6989,25623
6990,25251
6991,25205
6992,25494
6993,26095
6994,26954
6995,27989
6996,29100
6997,30172
6998,31091
6999,31747
7000,32053
7001,31944
7002,31389
7003,30391
7004,28990
7005,27257
7006,25292
7007,23210
7008,21140
7009,19207
7010,17526
7011,16191
7012,15269
7013,14795
7014,14771
7015,15165
7016,15918
7017,16946
7018,18155
7019,19445
7020,20720
7021,21899
7022,22922
7023,23753
7024,24385
7025,24838
7026,25155
7027,25397
7028,25635
7029,25943
7030,26388
7031,27019
7032,27867
7033,28934
7034,30197
7035,31604
7036,33080
7037,34535
7038,35868
7039,36981
7040,37784
7041,38207
7042,38205
7043,37765
7044,36908
7045,35687
7046,34186
7047,32511
7048,30783
7049,29129
7050,27670
7051,26513
7052,25738
7053,25399
7054,25510
7055,26055
7056,26979
7057,28201
7058,29620
7059,31120
7060,32584
7061,33905
7062,34990
7063,35772
7064,36216
7065,36315
7066,36098
7067,35618
7068,34953
7069,34192
7070,33431
7071,32760
7072,32257
7073,31977
7074,31950
7075,32179
7076,32638
7077,33274
7078,34016
7079,34781
7080,35481
7081,36035
7082,36376
7083,36456
7084,36254
7085,35780
7086,35069
7087,34182
7088,33201
7089,32218
7090,31328
7091,30622
7092,30173
7093,30031
7094,30217
7095,30723
7096,31505
7097,32492
7098,33591
7099,34692
7100,35677
7101,36437
7102,36872
7103,36909
7104,36502
7105,35640
7106,34350
7107,32689
7108,30748
7109,28637
7110,26480
7111,24405
7112,22533
7113,20967
7114,19786
7115,19038
7116,18739
7117,18869
7118,19380
7119,20197
7120,21230
7121,22380
7122,23548
7123,24646
7124,25606
7125,26382
7126,26955
7127,27334
7128,27555
7129,27672
7130,27753
7131,27873
7132,28102
7133,28498
7134,29099
7135,29920
7136,30949
7137,32144
7138,33439
7139,34750
7140,35979
7141,37027
7142,37798
7143,38215
7144,38221
7145,37790
7146,36931
7147,35684
7148,34121
7149,32340
7150,30457
7151,28600
7152,26893
7153,25448
7154,24360
7155,23692
7156,23475
7157,23706
7158,24344
7159,25319
7160,26536
7161,27885
7162,29249
7163,30514
7164,31581
7165,32373
7166,32841
7167,32968
7168,32768
7169,32285
7170,31589
7171,30765
7172,29908
7173,29112
7174,28459
7175,28015
7176,27822
7177,27893
7178,28212
7179,28738
7180,29407
7181,30139
7182,30847
7183,31446
7184,31863
7185,32042
7186,31950
7187,31585
7188,30971
7189,30162
7190,29230
7191,28264
7192,27361
7193,26613
7194,26101
7195,25886
7196,26002
7197,26450
7198,27202
7199,28197
7200,29351
7201,30557
7202,31701
7203,32669
7204,33356
7205,33676
7206,33573
7207,33021
7208,32032
7209,30651
7210,28956
7211,27050
7212,25053
7213,23092
7214,21293
7215,19766
7216,18601
7217,17859
7218,17567
7219,17721
7220,18283
7221,19188
7222,20350
7223,21673
7224,23056
7225,24407
7226,25648
7227,26722
7228,27601
7229,28282
7230,28791
7231,29174
7232,29495
7233,29827
7234,30243
7235,30806
7236,31563
7237,32539
7238,33731
7239,35110
7240,36620
7241,38181
7242,39701
7243,41078
7244,42215
7245,43027
7246,43446
7247,43434
7248,42985
7249,42127
7250,40919
7251,39449
7252,37828
7253,36179
7254,34628
7255,33294
7256,32279
7257,31660
7258,31480
7259,31751
7260,32445
7261,33504
7262,34842
7263,36353
7264,37921
7265,39430
7266,40773
7267,41866
7268,42645
7269,43080
7270,43174
7271,42959
7272,42494
7273,41860
7274,41149
7275,40455
7276,39868
7277,39459
7278,39282
7279,39360
7280,39689
7281,40239
7282,40952
7283,41754
7284,42560
7285,43285
7286,43847
7287,44183
7288,44251
7289,44036
7290,43552
7291,42841
7292,41968
7293,41017
7294,40083
7295,39260
7296,38635
7297,38279
7298,38235
7299,38519
7300,39115
7301,39975
7302,41022
7303,42158
7304,43272
7305,44247
7306,44973
7307,45357
7308,45330
7309,44853
7310,43922
7311,42571
7312,40864
7313,38896
7314,36781
7315,34645
7316,32615
7317,30808
7318,29325
7319,28238
7320,27588
7321,27385
7322,27602
7323,28186
7324,29058
7325,30126
7326,31288
7327,32449
7328,33525
7329,34449
7330,35181
7331,35710
7332,36049
7333,36237
7334,36334
7335,36408
7336,36535
7337,36781
7338,37203
7339,37835
7340,38685
7341,39735
7342,40939
7343,42227
7344,43510
7345,44691
7346,45669
7347,46352
7348,46666
7349,46561
7350,46017
7351,45049
7352,43703
7353,42058
7354,40216
7355,38297
7356,36427
7357,34730
7358,33315
7359,32270
7360,31653
7361,31489
7362,31766
7363,32437
7364,33427
7365,34637
7366,35954
7367,37262
7368,38448
7369,39418
7370,40100
7371,40452
7372,40460
7373,40148
7374,39564
7375,38782
7376,37889
7377,36981
7378,36151
7379,35478
7380,35023
7381,34823
7382,34885
7383,35189
7384,35687
7385,36311
7386,36981
7387,37609
7388,38111
7389,38417
7390,38475
7391,38259
7392,37772
7393,37043
7394,36131
7395,35112
7396,34078
7397,33125
7398,32343
7399,31811
7400,31584
7401,31689
7402,32123
7403,32850
7404,33805
7405,34897
7406,36019
7407,37055
7408,37892
7409,38427
7410,38582
7411,38305
7412,37578
7413,36419
7414,34881
7415,33047
7416,31025
7417,28936
7418,26908
7419,25065
7420,23513
7421,22337
7422,21592
7423,21298
7424,21444
7425,21987
7426,22857
7427,23964
7428,25212
7429,26500
7430,27738
7431,28852
7432,29791
7433,30532
7434,31078
7435,31458
7436,31725
7437,31943
7438,32186
7439,32527
7440,33025
7441,33724
7442,34643
7443,35774
7444,37083
7445,38507
7446,39966
7447,41363
7448,42597
7449,43572
7450,44206
7451,44437
7452,44234
7453,43596
7454,42558
7455,41185
7456,39571
7457,37830
7458,36086
7459,34464
7460,33082
7461,32036
7462,31397
7463,31204
7464,31457
7465,32125
7466,33142
7467,34418
7468,35845
7469,37305
7470,38684
7471,39879
7472,40807
7473,41414
7474,41676
7475,41599
7476,41224
7477,40615
7478,39853
7479,39034
7480,38251
7481,37591
7482,37122
7483,36891
7484,36918
7485,37192
7486,37677
7487,38312
7488,39020
7489,39715
7490,40312
7491,40732
7492,40917
7493,40828
7494,40458
7495,39825
7496,38976
7497,37982
7498,36928
7499,35911
7500,35024
7501,34351
7502,33957
7503,33883
7504,34136
7505,34695
7506,35505
7507,36484
7508,37531
7509,38534
7510,39375
7511,39948
7512,40163
7513,39957
7514,39299
7515,38191
7516,36674
7517,34818
7518,32724
7519,30507
7520,28296
7521,26216
7522,24383
7523,22889
7524,21804
7525,21162
7526,20963
7527,21178
7528,21747
7529,22586
7530,23602
7531,24693
7532,25766
7533,26739
7534,27552
7535,28169
7536,28584
7537,28816
7538,28908
7539,28923
7540,28931
7541,29007
7542,29216
7543,29610
7544,30219
7545,31045
7546,32065
7547,33228
7548,34459
7549,35668
7550,36754
7551,37620
7552,38175
7553,38349
7554,38099
7555,37412
7556,36307
7557,34840
7558,33093
7559,31173
7560,29202
7561,27307
7562,25608
7563,24212
7564,23202
7565,22628
7566,22509
7567,22825
7568,23523
7569,24524
7570,25723
7571,27007
7572,28260
7573,29372
7574,30253
7575,30835
7576,31083
7577,30991
7578,30587
7579,29925
7580,29083
7581,28150
7582,27222
7583,26390
7584,25730
7585,25300
7586,25128
7587,25219
7588,25544
7589,26053
7590,26674
7591,27324
7592,27916
7593,28368
7594,28612
7595,28603
7596,28319
7597,27768
7598,26987
7599,26037
7600,25000
7601,23967
7602,23035
7603,22293
7604,21814
7605,21649
7606,21819
7607,22316
7608,23095
7609,24087
7610,25197
7611,26315
7612,27324
7613,28114
7614,28587
7615,28667
7616,28309
7617,27504
7618,26275
7619,24683
7620,22816
7621,20784
7622,18713
7623,16730
7624,14955
7625,13491
7626,12418
7627,11783
7628,11602
7629,11855
7630,12493
7631,13443
7632,14613
7633,15903
7634,17216
7635,18464
7636,19577
7637,20509
7638,21242
7639,21784
7640,22171
7641,22457
7642,22711
7643,23005
7644,23410
7645,23985
7646,24767
7647,25771
7648,26983
7649,28363
7650,29845
7651,31343
7652,32760
7653,33996
7654,34956
7655,35562
7656,35756
7657,35515
7658,34843
7659,33783
7660,32406
7661,30810
7662,29111
7663,27436
7664,25909
7665,24643
7666,23730
7667,23236
7668,23191
7669,23589
7670,24393
7671,25530
7672,26907
7673,28411
7674,29927
7675,31339
7676,32551
7677,33483
7678,34086
7679,34344
7680,34271
7681,33910
7682,33330
7683,32618
7684,31867
7685,31171
7686,30614
7687,30260
7688,30151
7689,30301
7690,30693
7691,31285
7692,32015
7693,32800
7694,33557
7695,34198
7696,34650
7697,34857
7698,34787
7699,34438
7700,33834
7701,33026
7702,32090
7703,31113
7704,30192
7705,29420
7706,28877
7707,28624
7708,28694
7709,29091
7710,29784
7711,30715
7712,31797
7713,32925
7714,33984
7715,34861
7716,35450
7717,35666
7718,35452
7719,34784
7720,33671
7721,32161
7722,30331
7723,28284
7724,26141
7725,24028
7726,22071
7727,20381
7728,19047
7729,18131
7730,17661
7731,17631
7732,18005
7733,18717
7734,19682
7735,20803
7736,21980
7737,23121
7738,24148
7739,25005
7740,25664
7741,26121
7742,26403
7743,26556
7744,26645
7745,26742
7746,26920
7747,27244
7748,27760
7749,28493
7750,29441
7751,30575
7752,31837
7753,33151
7754,34422
7755,35551
7756,36440
7757,37002
7758,37172
7759,36913
7760,36216
7761,35111
7762,33657
7763,31942
7764,30078
7765,28188
7766,26397
7767,24826
7768,23576
7769,22723
7770,22314
7771,22357
7772,22827
7773,23665
7774,24786
7775,26082
7776,27440
7777,28743
7778,29885
7779,30779
7780,31365
7781,31612
7782,31522
7783,31127
7784,30489
7785,29687
7786,28812
7787,27961
7788,27221
7789,26667
7790,26349
7791,26293
7792,26494
7793,26921
7794,27519
7795,28212
7796,28915
7797,29543
7798,30016
7799,30269
7800,30261
7801,29977
7802,29431
7803,28664
7804,27742
7805,26750
7806,25781
7807,24931
7808,24286
7809,23916
7810,23865
7811,24150
7812,24754
7813,25629
7814,26697
7815,27862
7816,29011
7817,30028
7818,30804
7819,31244
7820,31279
7821,30871
7822,30016
7823,28747
7824,27128
7825,25255
7826,23240
7827,21211
7828,19294
7829,17606
7830,16247
7831,15289
7832,14775
7833,14712
7834,15075
7835,15810
7836,16838
7837,18065
7838,19393
7839,20723
7840,21971
7841,23073
7842,23987
7843,24700
7844,25228
7845,25608
7846,25899
7847,26171
7848,26498
7849,26948
7850,27576
7851,28415
7852,29475
7853,30736
7854,32153
7855,33655
7856,35154
7857,36551
7858,37745
7859,38646
7860,39178
7861,39290
7862,38964
7863,38213
7864,37084
7865,35656
7866,34029
7867,32324
7868,30667
7869,29180
7870,27974
7871,27137
7872,26726
7873,26764
7874,27241
7875,28110
7876,29295
7877,30696
7878,32202
7879,33694
7880,35062
7881,36209
7882,37065
7883,37585
7884,37759
7885,37607
7886,37179
7887,36548
7888,35802
7889,35035
7890,34341
7891,33799
7892,33470
7893,33390
7894,33566
7895,33979
7896,34580
7897,35301
7898,36062
7899,36775
7900,37356
7901,37734
7902,37859
7903,37703
7904,37269
7905,36588
7906,35716
7907,34732
7908,33725
7909,32793
7910,32026
7911,31502
7912,31276
7913,31376
7914,31799
7915,32508
7916,33438
7917,34499
7918,35584
7919,36576
7920,37362
7921,37842
7922,37934
7923,37588
7924,36787
7925,35547
7926,33922
7927,31996
7928,29875
7929,27683
7930,25546
7931,23588
7932,21917
7933,20616
7934,19740
7935,19312
7936,19319
7937,19718
7938,20439
7939,21394
7940,22485
7941,23612
7942,24686
7943,25632
7944,26401
7945,26967
7946,27335
7947,27535
7948,27618
7949,27650
7950,27706
7951,27856
7952,28162
7953,28667
7954,29391
7955,30326
7956,31437
7957,32663
7958,33922
7959,35119
7960,36153
7961,36928
7962,37362
7963,37394
7964,36992
7965,36156
7966,34920
7967,33351
7968,31543
7969,29608
7970,27672
7971,25862
7972,24292
7973,23062
7974,22241
7975,21868
7976,21944
7977,22439
7978,23287
7979,24397
7980,25661
7981,26962
7982,28187
7983,29231
7984,30014
7985,30480
7986,30604
7987,30397
7988,29895
7989,29164
7990,28287
7991,27357
7992,26469
7993,25709
7994,25147
7995,24829
7996,24774
7997,24974
7998,25390
7999,25962
8000,26614
8001,27260
8002,27814
8003,28198
8004,28353
8005,28242
8006,27856
8007,27215
8008,26364
8009,25375
8010,24334
8011,23336
8012,22475
8013,21835
8014,21482
8015,21455
8016,21763
8017,22384
8018,23262
8019,24317
8020,25447
8021,26538
8022,27476
8023,28152
8024,28477
8025,28387
8026,27851
8027,26873
8028,25492
8029,23778
8030,21832
8031,19770
8032,17720
8033,15806
8034,14145
8035,12829
8036,11927
8037,11474
8038,11469
8039,11883
8040,12656
8041,13704
8042,14933
8043,16242
8044,17538
8045,18737
8046,19780
8047,20631
8048,21283
8049,21756
8050,22093
8051,22355
8052,22614
8053,22942
8054,23407
8055,24058
8056,24926
8057,26014
8058,27297
8059,28724
8060,30221
8061,31696
8062,33050
8063,34184
8064,35008
8065,35451
8066,35469
8067,35050
8068,34214
8069,33014
8070,31533
8071,29879
8072,28172
8073,26539
8074,25101
8075,23964
8076,23210
8077,22892
8078,23024
8079,23589
8080,24534
8081,25778
8082,27218
8083,28739
8084,30224
8085,31566
8086,32672
8087,33475
8088,33940
8089,34061
8090,33864
8091,33406
8092,32762
8093,32022
8094,31282
8095,30633
8096,30151
8097,29892
8098,29887
8099,30137
8100,30617
8101,31274
8102,32038
8103,32824
8104,33546
8105,34122
8106,34483
8107,34585
8108,34405
8109,33952
8110,33263
8111,32397
8112,31438
8113,30476
8114,29609
8115,28924
8116,28496
8117,28376
8118,28584
8119,29111
8120,29915
8121,30924
8122,32045
8123,33167
8124,34175
8125,34956
8126,35413
8127,35472
8128,35086
8129,34247
8130,32978
8131,31339
8132,29420
8133,27330
8134,25195
8135,23143
8136,21292
8137,19748
8138,18589
8139,17863
8140,17586
8141,17738
8142,18271
8143,19111
8144,20166
8145,21337
8146,22527
8147,23648
8148,24630
8149,25428
8150,26023
8151,26424
8152,26667
8153,26806
8154,26909
8155,27052
8156,27302
8157,27720
8158,28343
8159,29187
8160,30238
8161,31455
8162,32772
8163,34105
8164,35357
8165,36427
8166,37220
8167,37659
8168,37687
8169,37279
8170,36442
8171,35217
8172,33676
8173,31917
8174,30057
8175,28222
8176,26537
8177,25115
8178,24048
8179,23403
8180,23208
8181,23461
8182,24121
8183,25119
8184,26358
8185,27730
8186,29115
8187,30402
8188,31492
8189,32306
8190,32797
8191,32946
8192,32768
8193,32308
8194,31634
8195,30832
8196,29997
8197,29223
8198,28592
8199,28171
8200,28000
8201,28093
8202,28435
8203,28983
8204,29674
8205,30428
8206,31158
8207,31780
8208,32219
8209,32420
8210,32350
8211,32008
8212,31416
8213,30629
8214,29719
8215,28776
8216,27895
8217,27169
8218,26680
8219,26487
8220,26624
8221,27095
8222,27869
8223,28886
8224,30062
8225,31290
8226,32457
8227,33447
8228,34155
8229,34498
8230,34417
8231,33887
8232,32920
8233,31561
8234,29888
8235,28004
8236,26029
8237,24091
8238,22314
8239,20809
8240,19666
8241,18945
8242,18676
8243,18852
8244,19436
8245,20363
8246,21547
8247,22892
8248,24297
8249,25669
8250,26932
8251,28028
8252,28929
8253,29632
8254,30163
8255,30567
8256,30910
8257,31265
8258,31702
8259,32287
8260,33066
8261,34063
8262,35278
8263,36678
8264,38209
8265,39792
8266,41334
8267,42733
8268,43892
8269,44725
8270,45165
8271,45175
8272,44748
8273,43911
8274,42725
8275,41276
8276,39677
8277,38049
8278,36520
8279,35207
8280,34214
8281,33616
8282,33458
8283,33750
8284,34466
8285,35546
8286,36906
8287,38438
8288,40027
8289,41557
8290,42922
8291,44036
8292,44836
8293,45293
8294,45408
8295,45213
8296,44770
8297,44157
8298,43467
8299,42794
8300,42228
8301,41841
8302,41684
8303,41783
8304,42134
8305,42704
8306,43438
8307,44261
8308,45088
8309,45833
8310,46416
8311,46773
8312,46862
8313,46668
8314,46205
8315,45514
8316,44662
8317,43732
8318,42818
8319,42016
8320,41412
8321,41076
8322,41052
8323,41357
8324,41974
8325,42854
8326,43921
8327,45078
8328,46212
8329,47207
8330,47954
8331,48358
8332,48351
8333,47894
8334,46984
8335,45653
8336,43967
8337,42018
8338,39923
8339,37807
8340,35797
8341,34011
8342,32547
8343,31480
8344,30850
8345,30667
8346,30904
8347,31508
8348,32400
8349,33487
8350,34669
8351,35850
8352,36945
8353,37889
8354,38641
8355,39189
8356,39547
8357,39755
8358,39871
8359,39965
8360,40111
8361,40377
8362,40818
8363,41469
8364,42339
8365,43408
8366,44631
8367,45938
8368,47240
8369,48440
8370,49437
8371,50139
8372,50472
8373,50386
8374,49861
8375,48912
8376,47585
8377,45958
8378,44135
8379,42235
8380,40384
8381,38705
8382,37309
8383,36282
8384,35684
8385,35539
8386,35834
8387,36523
8388,37532
8389,38760
8390,40096
8391,41421
8392,42626
8393,43614
8394,44315
8395,44684
8396,44711
8397,44416
8398,43851
8399,43086
8400,42211
8401,41321
8402,40508
8403,39853
8404,39416
8405,39234
8406,39314
8407,39635
8408,40151
8409,40793
8410,41480
8411,42125
8412,42645
8413,42968
8414,43044
8415,42845
8416,42375
8417,41664
8418,40768
8419,39767
8420,38750
8421,37813
8422,37049
8423,36533
8424,36323
8425,36445
8426,36896
8427,37640
8428,38612
8429,39720
8430,40859
8431,41911
8432,42764
8433,43316
8434,43488
8435,43227
8436,42516
8437,41374
8438,39852
8439,38034
8440,36028
8441,33955
8442,31944
8443,30116
8444,28580
8445,27420
8446,26691
8447,26413
8448,26575
8449,27133
8450,28018
8451,29142
8452,30405
8453,31708
8454,32962
8455,34091
8456,35046
8457,35803
8458,36364
8459,36759
8460,37040
8461,37274
8462,37532
8463,37888
8464,38401
8465,39115
8466,40049
8467,41195
8468,42518
8469,43958
8470,45431
8471,46842
8472,48091
8473,49081
8474,49729
8475,49975
8476,49786
8477,49162
8478,48138
8479,46780
8480,45180
8481,43453
8482,41723
8483,40115
8484,38747
8485,37715
8486,37090
8487,36910
8488,37177
8489,37858
8490,38889
8491,40179
8492,41619
8493,43093
8494,44485
8495,45693
8496,46635
8497,47255
8498,47530
8499,47467
8500,47105
8501,46508
8502,45760
8503,44953
8504,44183
8505,43536
8506,43079
8507,42862
8508,42901
8509,43188
8510,43685
8511,44332
8512,45053
8513,45761
8514,46369
8515,46802
8516,46999
8517,46922
8518,46564
8519,45943
8520,45106
8521,44123
8522,43082
8523,42076
8524,41201
8525,40540
8526,40158
8527,40095
8528,40360
8529,40930
8530,41751
8531,42741
8532,43800
8533,44813
8534,45666
8535,46250
8536,46476
8537,46281
8538,45633
8539,44537
8540,43030
8541,41185
8542,39101
8543,36896
8544,34695
8545,32626
8546,30802
8547,29319
8548,28244
8549,27612
8550,27424
8551,27649
8552,28227
8553,29077
8554,30103
8555,31204
8556,32287
8557,33269
8558,34092
8559,34718
8560,35143
8561,35384
8562,35486
8563,35510
8564,35528
8565,35613
8566,35831
8567,36234
8568,36852
8569,37687
8570,38717
8571,39888
8572,41128
8573,42345
8574,43440
8575,44314
8576,44878
8577,45061
8578,44820
8579,44140
8580,43044
8581,41585
8582,39847
8583,37935
8584,35972
8585,34084
8586,32393
8587,31005
8588,30003
8589,29437
8590,29325
8591,29649
8592,30355
8593,31363
8594,32569
8595,33861
8596,35121
8597,36240
8598,37128
8599,37717
8600,37972
8601,37887
8602,37490
8603,36835
8604,36000
8605,35073
8606,34152
8607,33327
8608,32673
8609,32249
8610,32084
8611,32181
8612,32513
8613,33027
8614,33655
8615,34311
8616,34908
8617,35366
8618,35617
8619,35613
8620,35335
8621,34790
8622,34014
8623,33070
8624,32038
8625,31010
8626,30084
8627,29347
8628,28873
8629,28713
8630,28889
8631,29390
8632,30174
8633,31171
8634,32286
8635,33408
8636,34423
8637,35217
8638,35694
8639,35778
8640,35425
8641,34624
8642,33400
8643,31812
8644,29949
8645,27921
8646,25854
8647,23875
8648,22104
8649,20644
8650,19574
8651,18943
8652,18765
8653,19022
8654,19664
8655,20617
8656,21790
8657,23084
8658,24400
8659,25651
8660,26766
8661,27701
8662,28437
8663,28983
8664,29372
8665,29661
8666,29917
8667,30214
8668,30622
8669,31198
8670,31983
8671,32989
8672,34204
8673,35586
8674,37070
8675,38570
8676,39989
8677,41227
8678,42189
8679,42796
8680,42992
8681,42752
8682,42082
8683,41024
8684,39648
8685,38053
8686,36356
8687,34682
8688,33156
8689,31891
8690,30979
8691,30486
8692,30441
8693,30841
8694,31645
8695,32783
8696,34160
8697,35665
8698,37181
8699,38594
8700,39806
8701,40738
8702,41342
8703,41600
8704,41526
8705,41165
8706,40586
8707,39873
8708,39122
8709,38426
8710,37868
8711,37514
8712,37405
8713,37554
8714,37945
8715,38537
8716,39265
8717,40050
8718,40805
8719,41446
8720,41897
8721,42103
8722,42032
8723,41681
8724,41076
8725,40267
8726,39329
8727,38351
8728,37428
8729,36654
8730,36109
8731,35854
8732,35923
8733,36318
8734,37009
8735,37938
8736,39017
8737,40143
8738,41200
8739,42075
8740,42661
8741,42875
8742,42658
8743,41987
8744,40872
8745,39360
8746,37527
8747,35477
8748,33331
8749,31215
8750,29255
8751,27561
8752,26224
8753,25305
8754,24831
8755,24798
8756,25168
8757,25877
8758,26838
8759,27955
8760,29129
8761,30266
8762,31289
8763,32142
8764,32797
8765,33250
8766,33527
8767,33676
8768,33761
8769,33854
8770,34028
8771,34347
8772,34858
8773,35587
8774,36530
8775,37659
8776,38917
8777,40225
8778,41492
8779,42616
8780,43499
8781,44056
8782,44221
8783,43956
8784,43254
8785,42144
8786,40684
8787,38964
8788,37094
8789,35198
8790,33402
8791,31824
8792,30568
8793,29710
8794,29295
8795,29332
8796,29796
8797,30628
8798,31742
8799,33032
8800,34383
8801,35679
8802,36815
8803,37702
8804,38282
8805,38522
8806,38425
8807,38024
8808,37379
8809,36569
8810,35687
8811,34829
8812,34082
8813,33520
8814,33195
8815,33132
8816,33326
8817,33745
8818,34335
8819,35020
8820,35716
8821,36336
8822,36801
8823,37046
8824,37030
8825,36738
8826,36184
8827,35409
8828,34479
8829,33479
8830,32501
8831,31643
8832,30989
8833,30610
8834,30551
8835,30828
8836,31423
8837,32288
8838,33348
8839,34504
8840,35644
8841,36652
8842,37419
8843,37849
8844,37875
8845,37458
8846,36594
8847,35315
8848,33687
8849,31804
8850,29780
8851,27741
8852,25814
8853,24116
8854,22747
8855,21780
8856,21256
8857,21183
8858,21536
8859,22260
8860,23278
8861,24495
8862,25812
8863,27132
8864,28370
8865,29461
8866,30365
8867,31067
8868,31584
8869,31954
8870,32234
8871,32495
8872,32812
8873,33250
8874,33867
8875,34695
8876,35744
8877,36994
8878,38399
8879,39890
8880,41377
8881,42762
8882,43946
8883,44835
8884,45355
8885,45456
8886,45118
8887,44355
8888,43214
8889,41774
8890,40135
8891,38418
8892,36748
8893,35250
8894,34032
8895,33182
8896,32758
8897,32785
8898,33249
8899,34106
8900,35278
8901,36667
8902,38159
8903,39639
8904,40994
8905,42129
8906,42971
8907,43479
8908,43639
8909,43475
8910,43034
8911,42389
8912,41630
8913,40850
8914,40142
8915,39586
8916,39244
8917,39151
8918,39314
8919,39712
8920,40300
8921,41008
8922,41754
8923,42453
8924,43021
8925,43385
8926,43495
8927,43326
8928,42878
8929,42182
8930,41296
8931,40298
8932,39277
8933,38331
8934,37549
8935,37011
8936,36770
8937,36856
8938,37264
8939,37958
8940,38874
8941,39920
8942,40990
8943,41967
8944,42738
8945,43203
8946,43280
8947,42919
8948,42102
8949,40848
8950,39208
8951,37266
8952,35130
8953,32922
8954,30770
8955,28797
8956,27110
8957,25793
8958,24902
8959,24459
8960,24450
8961,24833
8962,25538
8963,26477
8964,27552
8965,28664
8966,29721
8967,30651
8968,31404
8969,31954
8970,32306
8971,32489
8972,32556
8973,32572
8974,32611
8975,32745
8976,33034
8977,33523
8978,34230
8979,35149
8980,36243
8981,37452
8982,38695
8983,39875
8984,40892
8985,41651
8986,42068
8987,42082
8988,41663
8989,40810
8990,39557
8991,37971
8992,36145
8993,34194
8994,32241
8995,30413
8996,28826
8997,27578
8998,26740
8999,26349
9000,26408
9001,26885
9002,27715
9003,28808
9004,30054
9005,31338
9006,32544
9007,33571
9008,34336
9009,34784
9010,34891
9011,34665
9012,34145
9013,33396
9014,32501
9015,31553
9016,30647
9017,29869
9018,29288
9019,28952
9020,28879
9021,29060
9022,29458
9023,30012
9024,30645
9025,31273
9026,31808
9027,32174
9028,32310
9029,32180
9030,31776
9031,31115
9032,30246
9033,29238
9034,28178
9035,27161
9036,26281
9037,25623
9038,25251
9039,25205
9040,25494
9041,26095
9042,26954
9043,27989
9044,29100
9045,30172
9046,31091
9047,31747
9048,32053
9049,31944
9050,31389
9051,30391
9052,28990
9053,27257
9054,25292
9055,23210
9056,21140
9057,19207
9058,17526
9059,16191
9060,15269
9061,14795
9062,14771
9063,15165
9064,15918
9065,16946
9066,18155
9067,19445
9068,20720
9069,21899
9070,22922
9071,23753
9072,24385
9073,24838
9074,25155
9075,25397
9076,25635
9077,25943
9078,26388
9079,27019
9080,27867
9081,28934
9082,30197
9083,31604
9084,33080
9085,34535
9086,35868
9087,36981
9088,37784
9089,38207
9090,38205
9091,37765
9092,36908
9093,35687
9094,34186
9095,32511
9096,30783
9097,29129
9098,27670
9099,26513
9100,25738
9101,25399
9102,25510
9103,26055
9104,26979
9105,28201
9106,29620
9107,31120
9108,32584
9109,33905
9110,34990
9111,35772
9112,36216
9113,36315
9114,36098
9115,35618
9116,34953
9117,34192
9118,33431
9119,32760
9120,32257
9121,31977
9122,31950
9123,32179
9124,32638
9125,33274
9126,34016
9127,34781
9128,35481
9129,36035
9130,36376
9131,36456
9132,36254
9133,35780
9134,35069
9135,34182
9136,33201
9137,32218
9138,31328
9139,30622
9140,30173
9141,30031
9142,30217
9143,30723
9144,31505
9145,32492
9146,33591
9147,34692
9148,35677
9149,36437
9150,36872
9151,36909
9152,36502
9153,35640
9154,34350
9155,32689
9156,30748
9157,28637
9158,26480
9159,24405
9160,22533
9161,20967
9162,19786
9163,19038
9164,18739
9165,18869
9166,19380
9167,20197
9168,21230
9169,22380
9170,23548
9171,24646
9172,25606
9173,26382
9174,26955
9175,27334
9176,27555
9177,27672
9178,27753
9179,27873
9180,28102
9181,28498
9182,29099
9183,29920
9184,30949
9185,32144
9186,33439
9187,34750
9188,35979
9189,37027
9190,37798
9191,38215
9192,38221
9193,37790
9194,36931
9195,35684
9196,34121
9197,32340
9198,30457
9199,28600
9200,26893
9201,25448
9202,24360
9203,23692
9204,23475
9205,23706
9206,24344
9207,25319
9208,26536
9209,27885
9210,29249
9211,30514
9212,31581
9213,32373
9214,32841
9215,32968
9216,32768
9217,32285
9218,31589
9219,30765
9220,29908
9221,29112
9222,28459
9223,28015
9224,27822
9225,27893
9226,28212
9227,28738
9228,29407
9229,30139
9230,30847
9231,31446
9232,31863
9233,32042
9234,31950
9235,31585
9236,30971
9237,30162
9238,29230
9239,28264
9240,27361
9241,26613
9242,26101
9243,25886
9244,26002
9245,26450
9246,27202
9247,28197
9248,29351
9249,30557
9250,31701
9251,32669
9252,33356
9253,33676
9254,33573
9255,33021
9256,32032
9257,30651
9258,28956
9259,27050
9260,25053
9261,23092
9262,21293
9263,19766
9264,18601
9265,17859
9266,17567
9267,17721
9268,18283
9269,19188
9270,20350
9271,21673
9272,23056
9273,24407
9274,25648
9275,26722
9276,27601
9277,28282
9278,28791
9279,29174
9280,29495
9281,29827
9282,30243
9283,30806
9284,31563
9285,32539
9286,33731
9287,35110
9288,36620
9289,38181
9290,39701
9291,41078
9292,42215
9293,43027
9294,43446
9295,43434
9296,42985
9297,42127
9298,40919
9299,39449
9300,37828
9301,36179
9302,34628
9303,33294
9304,32279
9305,31660
9306,31480
9307,31751
9308,32445
9309,33504
9310,34842
9311,36353
9312,37921
9313,39430
9314,40773
9315,41866
9316,42645
9317,43080
9318,43174
9319,42959
9320,42494
9321,41860
9322,41149
9323,40455
9324,39868
9325,39459
9326,39282
9327,39360
9328,39689
9329,40239
9330,40952
9331,41754
9332,42560
9333,43285
9334,43847
9335,44183
9336,44251
9337,44036
9338,43552
9339,42841
9340,41968
9341,41017
9342,40083
9343,39260
9344,38635
9345,38279
9346,38235
9347,38519
9348,39115
9349,39975
9350,41022
9351,42158
9352,43272
9353,44247
9354,44973
9355,45357
9356,45330
9357,44853
9358,43922
9359,42571
9360,40864
9361,38896
9362,36781
9363,34645
9364,32615
9365,30808
9366,29325
9367,28238
9368,27588
9369,27385
9370,27602
9371,28186
9372,29058
9373,30126
9374,31288
9375,32449
9376,33525
9377,34449
9378,35181
9379,35710
9380,36049
9381,36237
9382,36334
9383,36408
9384,36535
9385,36781
9386,37203
9387,37835
9388,38685
9389,39735
9390,40939
9391,42227
9392,43510
9393,44691
9394,45669
9395,46352
9396,46666
9397,46561
9398,46017
9399,45049
9400,43703
9401,42058
9402,40216
9403,38297
9404,36427
9405,34730
9406,33315
9407,32270
9408,31653
9409,31489
9410,31766
9411,32437
9412,33427
9413,34637
9414,35954
9415,37262
9416,38448
9417,39418
9418,40100
9419,40452
9420,40460
9421,40148
9422,39564
9423,38782
9424,37889
9425,36981
9426,36151
9427,35478
9428,35023
9429,34823
9430,34885
9431,35189
9432,35687
9433,36311
9434,36981
9435,37609
9436,38111
9437,38417
9438,38475
9439,38259
9440,37772
9441,37043
9442,36131
9443,35112
9444,34078
9445,33125
9446,32343
9447,31811
9448,31584
9449,31689
9450,32123
9451,32850
9452,33805
9453,34897
9454,36019
9455,37055
9456,37892
9457,38427
9458,38582
9459,38305
9460,37578
9461,36419
9462,34881
9463,33047
9464,31025
9465,28936
9466,26908
9467,25065
9468,23513
9469,22337
9470,21592
9471,21298
9472,21444
9473,21987
9474,22857
9475,23964
9476,25212
9477,26500
9478,27738
9479,28852
9480,29791
9481,30532
9482,31078
9483,31458
9484,31725
9485,31943
9486,32186
9487,32527
9488,33025
9489,33724
9490,34643
9491,35774
9492,37083
9493,38507
9494,39966
9495,41363
9496,42597
9497,43572
9498,44206
9499,44437
9500,44234
9501,43596
9502,42558
9503,41185
9504,39571
9505,37830
9506,36086
9507,34464
9508,33082
9509,32036
9510,31397
9511,31204
9512,31457
9513,32125
9514,33142
9515,34418
9516,35845
9517,37305
9518,38684
9519,39879
9520,40807
9521,41414
9522,41676
9523,41599
9524,41224
9525,40615
9526,39853
9527,39034
9528,38251
9529,37591
9530,37122
9531,36891
9532,36918
9533,37192
9534,37677
9535,38312
9536,39020
9537,39715
9538,40312
9539,40732
9540,40917
9541,40828
9542,40458
9543,39825
9544,38976
9545,37982
9546,36928
9547,35911
9548,35024
9549,34351
9550,33957
9551,33883
9552,34136
9553,34695
9554,35505
9555,36484
9556,37531
9557,38534
9558,39375
9559,39948
9560,40163
9561,39957
9562,39299
9563,38191
9564,36674
9565,34818
9566,32724
9567,30507
9568,28296
9569,26216
9570,24383
9571,22889
9572,21804
9573,21162
9574,20963
9575,21178
9576,21747
9577,22586
9578,23602
9579,24693
9580,25766
9581,26739
9582,27552
9583,28169
9584,28584
9585,28816
9586,28908
9587,28923
9588,28931
9589,29007
9590,29216
9591,29610
9592,30219
9593,31045
9594,32065
9595,33228
9596,34459
9597,35668
9598,36754
9599,37620
9600,38175
9601,38349
9602,38099
9603,37412
9604,36307
9605,34840
9606,33093
9607,31173
9608,29202
9609,27307
9610,25608
9611,24212
9612,23202
9613,22628
9614,22509
9615,22825
9616,23523
9617,24524
9618,25723
9619,27007
9620,28260
9621,29372
9622,30253
9623,30835
9624,31083
9625,30991
9626,30587
9627,29925
9628,29083
9629,28150
9630,27222
9631,26390
9632,25730
9633,25300
9634,25128
9635,25219
9636,25544
9637,26053
9638,26674
9639,27324
9640,27916
9641,28368
9642,28612
9643,28603
9644,28319
9645,27768
9646,26987
9647,26037
9648,25000
9649,23967
9650,23035
9651,22293
9652,21814
9653,21649
9654,21819
9655,22316
9656,23095
9657,24087
9658,25197
9659,26315
9660,27324
9661,28114
9662,28587
9663,28667
9664,28309
9665,27504
9666,26275
9667,24683
9668,22816
9669,20784
9670,18713
9671,16730
9672,14955
9673,13491
9674,12418
9675,11783
9676,11602
9677,11855
9678,12493
9679,13443
9680,14613
9681,15903
9682,17216
9683,18464
9684,19577
9685,20509
9686,21242
9687,21784
9688,22171
9689,22457
9690,22711
9691,23005
9692,23410
9693,23985
9694,24767
9695,25771
9696,26983
9697,28363
9698,29845
9699,31343
9700,32760
9701,33996
9702,34956
9703,35562
9704,35756
9705,35515
9706,34843
9707,33783
9708,32406
9709,30810
9710,29111
9711,27436
9712,25909
9713,24643
9714,23730
9715,23236
9716,23191
9717,23589
9718,24393
9719,25530
9720,26907
9721,28411
9722,29927
9723,31339
9724,32551
9725,33483
9726,34086
9727,34344
9728,34271
9729,33910
9730,33330
9731,32618
9732,31867
9733,31171
9734,30614
9735,30260
9736,30151
9737,30301
9738,30693
9739,31285
9740,32015
9741,32800
9742,33557
9743,34198
9744,34650
9745,34857
9746,34787
9747,34438
9748,33834
9749,33026
9750,32090
9751,31113
9752,30192
9753,29420
9754,28877
9755,28624
9756,28694
9757,29091
9758,29784
9759,30715
9760,31797
9761,32925
9762,33984
9763,34861
9764,35450
9765,35666
9766,35452
9767,34784
9768,33671
9769,32161
9770,30331
9771,28284
9772,26141
9773,24028
9774,22071
9775,20381
9776,19047
9777,18131
9778,17661
9779,17631
9780,18005
9781,18717
9782,19682
9783,20803
9784,21980
9785,23121
9786,24148
9787,25005
9788,25664
9789,26121
9790,26403
9791,26556
9792,26645
9793,26742
9794,26920
9795,27244
9796,27760
9797,28493
9798,29441
9799,30575
9800,31837
9801,33151
9802,34422
9803,35551
9804,36440
9805,37002
9806,37172
9807,36913
9808,36216
9809,35111
9810,33657
9811,31942
9812,30078
9813,28188
9814,26397
9815,24826
9816,23576
9817,22723
9818,22314
9819,22357
9820,22827
9821,23665
9822,24786
9823,26082
9824,27440
9825,28743
9826,29885
9827,30779
9828,31365
9829,31612
9830,31522
9831,31127
9832,30489
9833,29687
9834,28812
9835,27961
9836,27221
9837,26667
9838,26349
9839,26293
9840,26494
9841,26921
9842,27519
9843,28212
9844,28915
9845,29543
9846,30016
9847,30269
9848,30261
9849,29977
9850,29431
9851,28664
9852,27742
9853,26750
9854,25781
9855,24931
9856,24286
9857,23916
9858,23865
9859,24150
9860,24754
9861,25629
9862,26697
9863,27862
9864,29011
9865,30028
9866,30804
9867,31244
9868,31279
9869,30871
9870,30016
9871,28747
9872,27128
9873,25255
9874,23240
9875,21211
9876,19294
9877,17606
9878,16247
9879,15289
9880,14775
9881,14712
9882,15075
9883,15810
9884,16838
9885,18065
9886,19393
9887,20723
9888,21971
9889,23073
9890,23987
9891,24700
9892,25228
9893,25608
9894,25899
9895,26171
9896,26498
9897,26948
9898,27576
9899,28415
9900,29475
9901,30736
9902,32153
9903,33655
9904,35154
9905,36551
9906,37745
9907,38646
9908,39178
9909,39290
9910,38964
9911,38213
9912,37084
9913,35656
9914,34029
9915,32324
9916,30667
9917,29180
9918,27974
9919,27137
9920,26726
9921,26764
9922,27241
9923,28110
9924,29295
9925,30696
9926,32202
9927,33694
9928,35062
9929,36209
9930,37065
9931,37585
9932,37759
9933,37607
9934,37179
9935,36548
9936,35802
9937,35035
9938,34341
9939,33799
9940,33470
9941,33390
9942,33566
9943,33979
9944,34580
9945,35301
9946,36062
9947,36775
9948,37356
9949,37734
9950,37859
9951,37703
9952,37269
9953,36588
9954,35716
9955,34732
9956,33725
9957,32793
9958,32026
9959,31502
9960,31276
9961,31376
9962,31799
9963,32508
9964,33438
9965,34499
9966,35584
9967,36576
9968,37362
9969,37842
9970,37934
9971,37588
9972,36787
9973,35547
9974,33922
9975,31996
9976,29875
9977,27683
9978,25546
9979,23588
9980,21917
9981,20616
9982,19740
9983,19312
9984,19319
9985,19718
9986,20439
9987,21394
9988,22485
9989,23612
9990,24686
9991,25632
9992,26401
9993,26967
9994,27335
9995,27535
9996,27618
9997,27650
9998,27706
9999,27856
10000,28162
10001,28667
10002,29391
10003,30326
10004,31437
10005,32663
10006,33922
10007,35119
10008,36153
10009,36928
10010,37362
10011,37394
10012,36992
10013,36156
10014,34920
10015,33351
10016,31543
10017,29608
10018,27672
10019,25862
10020,24292
10021,23062
10022,22241
10023,21868
10024,21944
10025,22439
10026,23287
10027,24397
10028,25661
10029,26962
10030,28187
10031,29231
10032,30014
10033,30480
10034,30604
10035,30397
10036,29895
10037,29164
10038,28287
10039,27357
10040,26469
10041,25709
10042,25147
10043,24829
10044,24774
10045,24974
10046,25390
10047,25962
10048,26614
10049,27260
10050,27814
10051,28198
10052,28353
10053,28242
10054,27856
10055,27215
10056,26364
10057,25375
10058,24334
10059,23336
10060,22475
10061,21835
10062,21482
10063,21455
10064,21763
10065,22384
10066,23262
10067,24317
10068,25447
10069,26538
10070,27476
10071,28152
10072,28477
10073,28387
10074,27851
10075,26873
10076,25492
10077,23778
10078,21832
10079,19770
10080,17720
10081,15806
10082,14145
10083,12829
10084,11927
10085,11474
10086,11469
10087,11883
10088,12656
10089,13704
10090,14933
10091,16242
10092,17538
10093,18737
10094,19780
10095,20631
10096,21283
10097,21756
10098,22093
10099,22355
10100,22614
10101,22942
10102,23407
10103,24058
10104,24926
10105,26014
10106,27297
10107,28724
10108,30221
10109,31696
10110,33050
10111,34184
10112,35008
10113,35451
10114,35469
10115,35050
10116,34214
10117,33014
10118,31533
10119,29879
10120,28172
10121,26539
10122,25101
10123,23964
10124,23210
10125,22892
10126,23024
10127,23589
10128,24534
10129,25778
10130,27218
10131,28739
10132,30224
10133,31566
10134,32672
10135,33475
10136,33940
10137,34061
10138,33864
10139,33406
10140,32762
10141,32022
10142,31282
10143,30633
10144,30151
10145,29892
10146,29887
10147,30137
10148,30617
10149,31274
10150,32038
10151,32824
10152,33546
10153,34122
10154,34483
10155,34585
10156,34405
10157,33952
10158,33263
10159,32397
10160,31438
10161,30476
10162,29609
10163,28924
10164,28496
10165,28376
10166,28584
10167,29111
10168,29915
10169,30924
10170,32045
10171,33167
10172,34175
10173,34956
10174,35413
10175,35472
10176,35086
10177,34247
10178,32978
10179,31339
10180,29420
10181,27330
10182,25195
10183,23143
10184,21292
10185,19748
10186,18589
10187,17863
10188,17586
10189,17738
10190,18271
10191,19111
10192,20166
10193,21337
10194,22527
10195,23648
10196,24630
10197,25428
10198,26023
10199,26424
10200,26667
10201,26806
10202,26909
10203,27052
10204,27302
10205,27720
10206,28343
10207,29187
10208,30238
10209,31455
10210,32772
10211,34105
10212,35357
10213,36427
10214,37220
10215,37659
10216,37687
10217,37279
10218,36442
10219,35217
10220,33676
10221,31917
10222,30057
10223,28222
10224,26537
10225,25115
10226,24048
10227,23403
10228,23208
10229,23461
10230,24121
10231,25119
10232,26358
10233,27730
10234,29115
10235,30402
10236,31492
10237,32306
10238,32797
10239,32946
10240,32768
10241,32308
10242,31634
10243,30832
10244,29997
10245,29223
10246,28592
10247,28171
10248,28000
10249,28093
10250,28435
10251,28983
10252,29674
10253,30428
10254,31158
10255,31780
10256,32219
10257,32420
10258,32350
10259,32008
10260,31416
10261,30629
10262,29719
10263,28776
10264,27895
10265,27169
10266,26680
10267,26487
10268,26624
10269,27095
10270,27869
10271,28886
10272,30062
10273,31290
10274,32457
10275,33447
10276,34155
10277,34498
10278,34417
10279,33887
10280,32920
10281,31561
10282,29888
10283,28004
10284,26029
10285,24091
10286,22314
10287,20809
10288,19666
10289,18945
10290,18676
10291,18852
10292,19436
10293,20363
10294,21547
10295,22892
10296,24297
10297,25669
10298,26932
10299,28028
10300,28929
10301,29632
10302,30163
10303,30567
10304,30910
10305,31265
10306,31702
10307,32287
10308,33066
10309,34063
10310,35278
10311,36678
10312,38209
10313,39792
10314,41334
10315,42733
10316,43892
10317,44725
10318,45165
10319,45175
10320,44748
10321,43911
10322,42725
10323,41276
10324,39677
10325,38049
10326,36520
10327,35207
10328,34214
10329,33616
10330,33458
10331,33750
10332,34466
10333,35546
10334,36906
10335,38438
10336,40027
10337,41557
10338,42922
10339,44036
10340,44836
10341,45293
10342,45408
10343,45213
10344,44770
10345,44157
10346,43467
10347,42794
10348,42228
10349,41841
10350,41684
10351,41783
10352,42134
10353,42704
10354,43438
10355,44261
10356,45088
10357,45833
10358,46416
10359,46773
10360,46862
10361,46668
10362,46205
10363,45514
10364,44662
10365,43732
10366,42818
10367,42016
10368,41412
10369,41076
10370,41052
10371,41357
10372,41974
10373,42854
10374,43921
10375,45078
10376,46212
10377,47207
10378,47954
10379,48358
10380,48351
10381,47894
10382,46984
10383,45653
10384,43967
10385,42018
10386,39923
10387,37807
10388,35797
10389,34011
10390,32547
10391,31480
10392,30850
10393,30667
10394,30904
10395,31508
10396,32400
10397,33487
10398,34669
10399,35850
10400,36945
10401,37889
10402,38641
10403,39189
10404,39547
10405,39755
10406,39871
10407,39965
10408,40111
10409,40377
10410,40818
10411,41469
10412,42339
10413,43408
10414,44631
10415,45938
10416,47240
10417,48440
10418,49437
10419,50139
10420,50472
10421,50386
10422,49861
10423,48912
10424,47585
10425,45958
10426,44135
10427,42235
10428,40384
10429,38705
10430,37309
10431,36282
10432,35684
10433,35539
10434,35834
10435,36523
10436,37532
10437,38760
10438,40096
10439,41421
10440,42626
10441,43614
10442,44315
10443,44684
10444,44711
10445,44416
10446,43851
10447,43086
10448,42211
10449,41321
10450,40508
10451,39853
10452,39416
10453,39234
10454,39314
10455,39635
10456,40151
10457,40793
10458,41480
10459,42125
10460,42645
10461,42968
10462,43044
10463,42845
10464,42375
10465,41664
10466,40768
10467,39767
10468,38750
10469,37813
10470,37049
10471,36533
10472,36323
10473,36445
10474,36896
10475,37640
10476,38612
10477,39720
10478,40859
10479,41911
10480,42764
10481,43316
10482,43488
10483,43227
10484,42516
10485,41374
10486,39852
10487,38034
10488,36028
10489,33955
10490,31944
10491,30116
10492,28580
10493,27420
10494,26691
10495,26413
10496,26575
10497,27133
10498,28018
10499,29142
10500,30405
10501,31708
10502,32962
10503,34091
10504,35046
10505,35803
10506,36364
10507,36759
10508,37040
10509,37274
10510,37532
10511,37888
10512,38401
10513,39115
10514,40049
10515,41195
10516,42518
10517,43958
10518,45431
10519,46842
10520,48091
10521,49081
10522,49729
10523,49975
10524,49786
10525,49162
10526,48138
10527,46780
10528,45180
10529,43453
10530,41723
10531,40115
10532,38747
10533,37715
10534,37090
10535,36910
10536,37177
10537,37858
10538,38889
10539,40179
10540,41619
10541,43093
10542,44485
10543,45693
10544,46635
10545,47255
10546,47530
10547,47467
10548,47105
10549,46508
10550,45760
10551,44953
10552,44183
10553,43536
10554,43079
10555,42862
10556,42901
10557,43188
10558,43685
10559,44332
10560,45053
10561,45761
10562,46369
10563,46802
10564,46999
10565,46922
10566,46564
10567,45943
10568,45106
10569,44123
10570,43082
10571,42076
10572,41201
10573,40540
10574,40158
10575,40095
10576,40360
10577,40930
10578,41751
10579,42741
10580,43800
10581,44813
10582,45666
10583,46250
10584,46476
10585,46281
10586,45633
10587,44537
10588,43030
10589,41185
10590,39101
10591,36896
10592,34695
10593,32626
10594,30802
10595,29319
10596,28244
10597,27612
10598,27424
10599,27649
10600,28227
10601,29077
10602,30103
10603,31204
10604,32287
10605,33269
10606,34092
10607,34718
10608,35143
10609,35384
10610,35486
10611,35510
10612,35528
10613,35613
10614,35831
10615,36234
10616,36852
10617,37687
10618,38717
10619,39888
10620,41128
10621,42345
10622,43440
10623,44314
10624,44878
10625,45061
10626,44820
10627,44140
10628,43044
10629,41585
10630,39847
10631,37935
10632,35972
10633,34084
10634,32393
10635,31005
10636,30003
10637,29437
10638,29325
10639,29649
10640,30355
10641,31363
10642,32569
10643,33861
10644,35121
10645,36240
10646,37128
10647,37717
10648,37972
10649,37887
10650,37490
10651,36835
10652,36000
10653,35073
10654,34152
10655,33327
10656,32673
10657,32249
10658,32084
10659,32181
10660,32513
10661,33027
10662,33655
10663,34311
10664,34908
10665,35366
10666,35617
10667,35613
10668,35335
10669,34790
10670,34014
10671,33070
10672,32038
10673,31010
10674,30084
10675,29347
10676,28873
10677,28713
10678,28889
10679,29390
10680,30174
10681,31171
10682,32286
10683,33408
10684,34423
10685,35217
10686,35694
10687,35778
10688,35425
10689,34624
10690,33400
10691,31812
10692,29949
10693,27921
10694,25854
10695,23875
10696,22104
10697,20644
10698,19574
10699,18943
10700,18765
10701,19022
10702,19664
10703,20617
10704,21790
10705,23084
10706,24400
10707,25651
10708,26766
10709,27701
10710,28437
10711,28983
10712,29372
10713,29661
10714,29917
10715,30214
10716,30622
10717,31198
10718,31983
10719,32989
10720,34204
10721,35586
10722,37070
10723,38570
10724,39989
10725,41227
10726,42189
10727,42796
10728,42992
10729,42752
10730,42082
10731,41024
10732,39648
10733,38053
10734,36356
10735,34682
10736,33156
10737,31891
10738,30979
10739,30486
10740,30441
10741,30841
10742,31645
10743,32783
10744,34160
10745,35665
10746,37181
10747,38594
10748,39806
10749,40738
10750,41342
10751,41600
10752,41526
10753,41165
10754,40586
10755,39873
10756,39122
10757,38426
10758,37868
10759,37514
10760,37405
10761,37554
10762,37945
10763,38537
10764,39265
10765,40050
10766,40805
10767,41446
10768,41897
10769,42103
10770,42032
10771,41681
10772,41076
10773,40267
10774,39329
10775,38351
10776,37428
10777,36654
10778,36109
10779,35854
10780,35923
10781,36318
10782,37009
10783,37938
10784,39017
10785,40143
10786,41200
10787,42075
10788,42661
10789,42875
10790,42658
10791,41987
10792,40872
10793,39360
10794,37527
10795,35477
10796,33331
10797,31215
10798,29255
10799,27561
10800,26224
10801,25305
10802,24831
10803,24798
10804,25168
10805,25877
10806,26838
10807,27955
10808,29129
10809,30266
10810,31289
10811,32142
10812,32797
10813,33250
10814,33527
10815,33676
10816,33761
10817,33854
10818,34028
10819,34347
10820,34858
10821,35587
10822,36530
10823,37659
10824,38917
10825,40225
10826,41492
10827,42616
10828,43499
10829,44056
10830,44221
10831,43956
10832,43254
10833,42144
10834,40684
10835,38964
10836,37094
10837,35198
10838,33402
10839,31824
10840,30568
10841,29710
10842,29295
10843,29332
10844,29796
10845,30628
10846,31742
10847,33032
10848,34383
10849,35679
10850,36815
10851,37702
10852,38282
10853,38522
10854,38425
10855,38024
10856,37379
10857,36569
10858,35687
10859,34829
10860,34082
10861,33520
10862,33195
10863,33132
10864,33326
10865,33745
10866,34335
10867,35020
10868,35716
10869,36336
10870,36801
10871,37046
10872,37030
10873,36738
10874,36184
10875,35409
10876,34479
10877,33479
10878,32501
10879,31643
10880,30989
10881,30610
10882,30551
10883,30828
10884,31423
10885,32288
10886,33348
10887,34504
10888,35644
10889,36652
10890,37419
10891,37849
10892,37875
10893,37458
10894,36594
10895,35315
10896,33687
10897,31804
10898,29780
10899,27741
10900,25814
10901,24116
10902,22747
10903,21780
10904,21256
10905,21183
10906,21536
10907,22260
10908,23278
10909,24495
10910,25812
10911,27132
10912,28370
10913,29461
10914,30365
10915,31067
10916,31584
10917,31954
10918,32234
10919,32495
10920,32812
10921,33250
10922,33867
10923,34695
10924,35744
10925,36994
10926,38399
10927,39890
10928,41377
10929,42762
10930,43946
10931,44835
10932,45355
10933,45456
10934,45118
10935,44355
10936,43214
10937,41774
10938,40135
10939,38418
10940,36748
10941,35250
10942,34032
10943,33182
10944,32758
10945,32785
10946,33249
10947,34106
10948,35278
10949,36667
10950,38159
10951,39639
10952,40994
10953,42129
10954,42971
10955,43479
10956,43639
10957,43475
10958,43034
10959,42389
10960,41630
10961,40850
10962,40142
10963,39586
10964,39244
10965,39151
10966,39314
10967,39712
10968,40300
10969,41008
10970,41754
10971,42453
10972,43021
10973,43385
10974,43495
10975,43326
10976,42878
10977,42182
10978,41296
10979,40298
10980,39277
10981,38331
10982,37549
10983,37011
10984,36770
10985,36856
10986,37264
10987,37958
10988,38874
10989,39920
10990,40990
10991,41967
10992,42738
10993,43203
10994,43280
10995,42919
10996,42102
10997,40848
10998,39208
10999,37266
11000,35130
11001,32922
11002,30770
11003,28797
11004,27110
11005,25793
11006,24902
11007,24459
11008,24450
11009,24833
11010,25538
11011,26477
11012,27552
11013,28664
11014,29721
11015,30651
11016,31404
11017,31954
11018,32306
11019,32489
11020,32556
11021,32572
11022,32611
11023,32745
11024,33034
11025,33523
11026,34230
11027,35149
11028,36243
11029,37452
11030,38695
11031,39875
11032,40892
11033,41651
11034,42068
11035,42082
11036,41663
11037,40810
11038,39557
11039,37971
11040,36145
11041,34194
11042,32241
11043,30413
11044,28826
11045,27578
11046,26740
11047,26349
11048,26408
11049,26885
11050,27715
11051,28808
11052,30054
11053,31338
11054,32544
11055,33571
11056,34336
11057,34784
11058,34891
11059,34665
11060,34145
11061,33396
11062,32501
11063,31553
11064,30647
11065,29869
11066,29288
11067,28952
11068,28879
11069,29060
11070,29458
11071,30012
11072,30645
11073,31273
11074,31808
11075,32174
11076,32310
11077,32180
11078,31776
11079,31115
11080,30246
11081,29238
11082,28178
11083,27161
11084,26281
11085,25623
11086,25251
11087,25205
11088,25494
11089,26095
11090,26954
11091,27989
11092,29100
11093,30172
11094,31091
11095,31747
11096,32053
11097,31944
11098,31389
11099,30391
11100,28990
11101,27257
11102,25292
11103,23210
11104,21140
11105,19207
11106,17526
11107,16191
11108,15269
11109,14795
11110,14771
11111,15165
11112,15918
11113,16946
11114,18155
11115,19445
11116,20720
11117,21899
11118,22922
11119,23753
11120,24385
11121,24838
11122,25155
11123,25397
11124,25635
11125,25943
11126,26388
11127,27019
11128,27867
11129,28934
11130,30197
11131,31604
11132,33080
11133,34535
11134,35868
11135,36981
11136,37784
11137,38207
11138,38205
11139,37765
11140,36908
11141,35687
11142,34186
11143,32511
11144,30783
11145,29129
11146,27670
11147,26513
11148,25738
11149,25399
11150,25510
11151,26055
11152,26979
11153,28201
11154,29620
11155,31120
11156,32584
11157,33905
11158,34990
11159,35772
11160,36216
11161,36315
11162,36098
11163,35618
11164,34953
11165,34192
11166,33431
11167,32760
11168,32257
11169,31977
11170,31950
11171,32179
11172,32638
11173,33274
11174,34016
11175,34781
11176,35481
11177,36035
11178,36376
11179,36456
11180,36254
11181,35780
11182,35069
11183,34182
11184,33201
11185,32218
11186,31328
11187,30622
11188,30173
11189,30031
11190,30217
11191,30723
11192,31505
11193,32492
11194,33591
11195,34692
11196,35677
11197,36437
11198,36872
11199,36909
11200,36502
11201,35640
11202,34350
11203,32689
11204,30748
11205,28637
11206,26480
11207,24405
11208,22533
11209,20967
11210,19786
11211,19038
11212,18739
11213,18869
11214,19380
11215,20197
11216,21230
11217,22380
11218,23548
11219,24646
11220,25606
11221,26382
11222,26955
11223,27334
11224,27555
11225,27672
11226,27753
11227,27873
11228,28102
11229,28498
11230,29099
11231,29920
11232,30949
11233,32144
11234,33439
11235,34750
11236,35979
11237,37027
11238,37798
11239,38215
11240,38221
11241,37790
11242,36931
11243,35684
11244,34121
11245,32340
11246,30457
11247,28600
11248,26893
11249,25448
11250,24360
11251,23692
11252,23475
11253,23706
11254,24344
11255,25319
11256,26536
11257,27885
11258,29249
11259,30514
11260,31581
11261,32373
11262,32841
11263,32968
11264,32768
11265,32285
11266,31589
11267,30765
11268,29908
11269,29112
11270,28459
11271,28015
11272,27822
11273,27893
11274,28212
11275,28738
11276,29407
11277,30139
11278,30847
11279,31446
11280,31863
11281,32042
11282,31950
11283,31585
11284,30971
11285,30162
11286,29230
11287,28264
11288,27361
11289,26613
11290,26101
11291,25886
11292,26002
11293,26450
11294,27202
11295,28197
11296,29351
11297,30557
11298,31701
11299,32669
11300,33356
11301,33676
11302,33573
11303,33021
11304,32032
11305,30651
11306,28956
11307,27050
11308,25053
11309,23092
11310,21293
11311,19766
11312,18601
11313,17859
11314,17567
11315,17721
11316,18283
11317,19188
11318,20350
11319,21673
11320,23056
11321,24407
11322,25648
11323,26722
11324,27601
11325,28282
11326,28791
11327,29174
11328,29495
11329,29827
11330,30243
11331,30806
11332,31563
11333,32539
11334,33731
11335,35110
11336,36620
11337,38181
11338,39701
11339,41078
11340,42215
11341,43027
11342,43446
11343,43434
11344,42985
11345,42127
11346,40919
11347,39449
11348,37828
11349,36179
11350,34628
11351,33294
11352,32279
11353,31660
11354,31480
11355,31751
11356,32445
11357,33504
11358,34842
11359,36353
11360,37921
11361,39430
11362,40773
11363,41866
11364,42645
11365,43080
11366,43174
11367,42959
11368,42494
11369,41860
11370,41149
11371,40455
11372,39868
11373,39459
11374,39282
11375,39360
11376,39689
11377,40239
11378,40952
11379,41754
11380,42560
11381,43285
11382,43847
11383,44183
11384,44251
11385,44036
11386,43552
11387,42841
11388,41968
11389,41017
11390,40083
11391,39260
11392,38635
11393,38279
11394,38235
11395,38519
11396,39115
11397,39975
11398,41022
11399,42158
11400,43272
11401,44247
11402,44973
11403,45357
11404,45330
11405,44853
11406,43922
11407,42571
11408,40864
11409,38896
11410,36781
11411,34645
11412,32615
11413,30808
11414,29325
11415,28238
11416,27588
11417,27385
11418,27602
11419,28186
11420,29058
11421,30126
11422,31288
11423,32449
11424,33525
11425,34449
11426,35181
11427,35710
11428,36049
11429,36237
11430,36334
11431,36408
11432,36535
11433,36781
11434,37203
11435,37835
11436,38685
11437,39735
11438,40939
11439,42227
11440,43510
11441,44691
11442,45669
11443,46352
11444,46666
11445,46561
11446,46017
11447,45049
11448,43703
11449,42058
11450,40216
11451,38297
11452,36427
11453,34730
11454,33315
11455,32270
11456,31653
11457,31489
11458,31766
11459,32437
11460,33427
11461,34637
11462,35954
11463,37262
11464,38448
11465,39418
11466,40100
11467,40452
11468,40460
11469,40148
11470,39564
11471,38782
11472,37889
11473,36981
11474,36151
11475,35478
11476,35023
11477,34823
11478,34885
11479,35189
11480,35687
11481,36311
11482,36981
11483,37609
11484,38111
11485,38417
11486,38475
11487,38259
11488,37772
11489,37043
11490,36131
11491,35112
11492,34078
11493,33125
11494,32343
11495,31811
11496,31584
11497,31689
11498,32123
11499,32850
11500,33805
11501,34897
11502,36019
11503,37055
11504,37892
11505,38427
11506,38582
11507,38305
11508,37578
11509,36419
11510,34881
11511,33047
11512,31025
11513,28936
11514,26908
11515,25065
11516,23513
11517,22337
11518,21592
11519,21298
11520,21444
11521,21987
11522,22857
11523,23964
11524,25212
11525,26500
11526,27738
11527,28852
11528,29791
11529,30532
11530,31078
11531,31458
11532,31725
11533,31943
11534,32186
11535,32527
11536,33025
11537,33724
11538,34643
11539,35774
11540,37083
11541,38507
11542,39966
11543,41363
11544,42597
11545,43572
11546,44206
11547,44437
11548,44234
11549,43596
11550,42558
11551,41185
11552,39571
11553,37830
11554,36086
11555,34464
11556,33082
11557,32036
11558,31397
11559,31204
11560,31457
11561,32125
11562,33142
11563,34418
11564,35845
11565,37305
11566,38684
11567,39879
11568,40807
11569,41414
11570,41676
11571,41599
11572,41224
11573,40615
11574,39853
11575,39034
11576,38251
11577,37591
11578,37122
11579,36891
11580,36918
11581,37192
11582,37677
11583,38312
11584,39020
11585,39715
11586,40312
11587,40732
11588,40917
11589,40828
11590,40458
11591,39825
11592,38976
11593,37982
11594,36928
11595,35911
11596,35024
11597,34351
11598,33957
11599,33883
11600,34136
11601,34695
11602,35505
11603,36484
11604,37531
11605,38534
11606,39375
11607,39948
11608,40163
11609,39957
11610,39299
11611,38191
11612,36674
11613,34818
11614,32724
11615,30507
11616,28296
11617,26216
11618,24383
11619,22889
11620,21804
11621,21162
11622,20963
11623,21178
11624,21747
11625,22586
11626,23602
11627,24693
11628,25766
11629,26739
11630,27552
11631,28169
11632,28584
11633,28816
11634,28908
11635,28923
11636,28931
11637,29007
11638,29216
11639,29610
11640,30219
11641,31045
11642,32065
11643,33228
11644,34459
11645,35668
11646,36754
11647,37620
11648,38175
11649,38349
11650,38099
11651,37412
11652,36307
11653,34840
11654,33093
11655,31173
11656,29202
11657,27307
11658,25608
11659,24212
11660,23202
11661,22628
11662,22509
11663,22825
11664,23523
11665,24524
11666,25723
11667,27007
11668,28260
11669,29372
11670,30253
11671,30835
11672,31083
11673,30991
11674,30587
11675,29925
11676,29083
11677,28150
11678,27222
11679,26390
11680,25730
11681,25300
11682,25128
11683,25219
11684,25544
11685,26053
11686,26674
11687,27324
11688,27916
11689,28368
11690,28612
11691,28603
11692,28319
11693,27768
11694,26987
11695,26037
11696,25000
11697,23967
11698,23035
11699,22293
11700,21814
11701,21649
11702,21819
11703,22316
11704,23095
11705,24087
11706,25197
11707,26315
11708,27324
11709,28114
11710,28587
11711,28667
11712,28309
11713,27504
11714,26275
11715,24683
11716,22816
11717,20784
11718,18713
11719,16730
11720,14955
11721,13491
11722,12418
11723,11783
11724,11602
11725,11855
11726,12493
11727,13443
11728,14613
11729,15903
11730,17216
11731,18464
11732,19577
11733,20509
11734,21242
11735,21784
11736,22171
11737,22457
11738,22711
11739,23005
11740,23410
11741,23985
11742,24767
11743,25771
11744,26983
11745,28363
11746,29845
11747,31343
11748,32760
11749,33996
11750,34956
11751,35562
11752,35756
11753,35515
11754,34843
11755,33783
11756,32406
11757,30810
11758,29111
11759,27436
11760,25909
11761,24643
11762,23730
11763,23236
11764,23191
11765,23589
11766,24393
11767,25530
11768,26907
11769,28411
11770,29927
11771,31339
11772,32551
11773,33483
11774,34086
11775,34344
11776,34271
11777,33910
11778,33330
11779,32618
11780,31867
11781,31171
11782,30614
11783,30260
11784,30151
11785,30301
11786,30693
11787,31285
11788,32015
11789,32800
11790,33557
11791,34198
11792,34650
11793,34857
11794,34787
11795,34438
11796,33834
11797,33026
11798,32090
11799,31113
11800,30192
11801,29420
11802,28877
11803,28624
11804,28694
11805,29091
11806,29784
11807,30715
11808,31797
11809,32925
11810,33984
11811,34861
11812,35450
11813,35666
11814,35452
11815,34784
11816,33671
11817,32161
11818,30331
11819,28284
11820,26141
11821,24028
11822,22071
11823,20381
11824,19047
11825,18131
11826,17661
11827,17631
11828,18005
11829,18717
11830,19682
11831,20803
11832,21980
11833,23121
11834,24148
11835,25005
11836,25664
11837,26121
11838,26403
11839,26556
11840,26645
11841,26742
11842,26920
11843,27244
11844,27760
11845,28493
11846,29441
11847,30575
11848,31837
11849,33151
11850,34422
11851,35551
11852,36440
11853,37002
11854,37172
11855,36913
11856,36216
11857,35111
11858,33657
11859,31942
11860,30078
11861,28188
11862,26397
11863,24826
11864,23576
11865,22723
11866,22314
11867,22357
11868,22827
11869,23665
11870,24786
11871,26082
11872,27440
11873,28743
11874,29885
11875,30779
11876,31365
11877,31612
11878,31522
11879,31127
11880,30489
11881,29687
11882,28812
11883,27961
11884,27221
11885,26667
11886,26349
11887,26293
11888,26494
11889,26921
11890,27519
11891,28212
11892,28915
11893,29543
11894,30016
11895,30269
11896,30261
11897,29977
11898,29431
11899,28664
11900,27742
11901,26750
11902,25781
11903,24931
11904,24286
11905,23916
11906,23865
11907,24150
11908,24754
11909,25629
11910,26697
11911,27862
11912,29011
11913,30028
11914,30804
11915,31244
11916,31279
11917,30871
11918,30016
11919,28747
11920,27128
11921,25255
11922,23240
11923,21211
11924,19294
11925,17606
11926,16247
11927,15289
11928,14775
11929,14712
11930,15075
11931,15810
11932,16838
11933,18065
11934,19393
11935,20723
11936,21971
11937,23073
11938,23987
11939,24700
11940,25228
11941,25608
11942,25899
11943,26171
11944,26498
11945,26948
11946,27576
11947,28415
11948,29475
11949,30736
11950,32153
11951,33655
11952,35154
11953,36551
11954,37745
11955,38646
11956,39178
11957,39290
11958,38964
11959,38213
11960,37084
11961,35656
11962,34029
11963,32324
11964,30667
11965,29180
11966,27974
11967,27137
11968,26726
11969,26764
11970,27241
11971,28110
11972,29295
11973,30696
11974,32202
11975,33694
11976,35062
11977,36209
11978,37065
11979,37585
11980,37759
11981,37607
11982,37179
11983,36548
11984,35802
11985,35035
11986,34341
11987,33799
11988,33470
11989,33390
11990,33566
11991,33979
11992,34580
11993,35301
11994,36062
11995,36775
11996,37356
11997,37734
11998,37859
11999,37703
12000,37269
12001,36588
12002,35716
12003,34732
12004,33725
12005,32793
12006,32026
12007,31502
12008,31276
12009,31376
12010,31799
12011,32508
12012,33438
12013,34499
12014,35584
12015,36576
12016,37362
12017,37842
12018,37934
12019,37588
12020,36787
12021,35547
12022,33922
12023,31996
12024,29875
12025,27683
12026,25546
12027,23588
12028,21917
12029,20616
12030,19740
12031,19312
12032,19319
12033,19718
12034,20439
12035,21394
12036,22485
12037,23612
12038,24686
12039,25632
12040,26401
12041,26967
12042,27335
12043,27535
12044,27618
12045,27650
12046,27706
12047,27856
12048,28162
12049,28667
12050,29391
12051,30326
12052,31437
12053,32663
12054,33922
12055,35119
12056,36153
12057,36928
12058,37362
12059,37394
12060,36992
12061,36156
12062,34920
12063,33351
12064,31543
12065,29608
12066,27672
12067,25862
12068,24292
12069,23062
12070,22241
12071,21868
12072,21944
12073,22439
12074,23287
12075,24397
12076,25661
12077,26962
12078,28187
12079,29231
12080,30014
12081,30480
12082,30604
12083,30397
12084,29895
12085,29164
12086,28287
12087,27357
12088,26469
12089,25709
12090,25147
12091,24829
12092,24774
12093,24974
12094,25390
12095,25962
12096,26614
12097,27260
12098,27814
12099,28198
12100,28353
12101,28242
12102,27856
12103,27215
12104,26364
12105,25375
12106,24334
12107,23336
12108,22475
12109,21835
12110,21482
12111,21455
12112,21763
12113,22384
12114,23262
12115,24317
12116,25447
12117,26538
12118,27476
12119,28152
12120,28477
12121,28387
12122,27851
12123,26873
12124,25492
12125,23778
12126,21832
12127,19770
12128,17720
12129,15806
12130,14145
12131,12829
12132,11927
12133,11474
12134,11469
12135,11883
12136,12656
12137,13704
12138,14933
12139,16242
12140,17538
12141,18737
12142,19780
12143,20631
12144,21283
12145,21756
12146,22093
12147,22355
12148,22614
12149,22942
12150,23407
12151,24058
12152,24926
12153,26014
12154,27297
12155,28724
12156,30221
12157,31696
12158,33050
12159,34184
12160,35008
12161,35451
12162,35469
12163,35050
12164,34214
12165,33014
12166,31533
12167,29879
12168,28172
12169,26539
12170,25101
12171,23964
12172,23210
12173,22892
12174,23024
12175,23589
12176,24534
12177,25778
12178,27218
12179,28739
12180,30224
12181,31566
12182,32672
12183,33475
12184,33940
12185,34061
12186,33864
12187,33406
12188,32762
12189,32022
12190,31282
12191,30633
12192,30151
12193,29892
12194,29887
12195,30137
12196,30617
12197,31274
12198,32038
12199,32824
12200,33546
12201,34122
12202,34483
12203,34585
12204,34405
12205,33952
12206,33263
12207,32397
12208,31438
12209,30476
12210,29609
12211,28924
12212,28496
12213,28376
12214,28584
12215,29111
12216,29915
12217,30924
12218,32045
12219,33167
12220,34175
12221,34956
12222,35413
12223,35472
12224,35086
12225,34247
12226,32978
12227,31339
12228,29420
12229,27330
12230,25195
12231,23143
12232,21292
12233,19748
12234,18589
12235,17863
12236,17586
12237,17738
12238,18271
12239,19111
12240,20166
12241,21337
12242,22527
12243,23648
12244,24630
12245,25428
12246,26023
12247,26424
12248,26667
12249,26806
12250,26909
12251,27052
12252,27302
12253,27720
12254,28343
12255,29187
12256,30238
12257,31455
12258,32772
12259,34105
12260,35357
12261,36427
12262,37220
12263,37659
12264,37687
12265,37279
12266,36442
12267,35217
12268,33676
12269,31917
12270,30057
12271,28222
12272,26537
12273,25115
12274,24048
12275,23403
12276,23208
12277,23461
12278,24121
12279,25119
12280,26358
12281,27730
12282,29115
12283,30402
12284,31492
12285,32306
12286,32797
12287,32946
12288,32768
12289,32308
12290,31634
12291,30832
12292,29997
12293,29223
12294,28592
12295,28171
12296,28000
12297,28093
12298,28435
12299,28983
12300,29674
12301,30428
12302,31158
12303,31780
12304,32219
12305,32420
12306,32350
12307,32008
12308,31416
12309,30629
12310,29719
12311,28776
12312,27895
12313,27169
12314,26680
12315,26487
12316,26624
12317,27095
12318,27869
12319,28886
12320,30062
12321,31290
12322,32457
12323,33447
12324,34155
12325,34498
12326,34417
12327,33887
12328,32920
12329,31561
12330,29888
12331,28004
12332,26029
12333,24091
12334,22314
12335,20809
12336,19666
12337,18945
12338,18676
12339,18852
12340,19436
12341,20363
12342,21547
12343,22892
12344,24297
12345,25669
12346,26932
12347,28028
12348,28929
12349,29632
12350,30163
12351,30567
12352,30910
12353,31265
12354,31702
12355,32287
12356,33066
12357,34063
12358,35278
12359,36678
12360,38209
12361,39792
12362,41334
12363,42733
12364,43892
12365,44725
12366,45165
12367,45175
12368,44748
12369,43911
12370,42725
12371,41276
12372,39677
12373,38049
12374,36520
12375,35207
12376,34214
12377,33616
12378,33458
12379,33750
12380,34466
12381,35546
12382,36906
12383,38438
12384,40027
12385,41557
12386,42922
12387,44036
12388,44836
12389,45293
12390,45408
12391,45213
12392,44770
12393,44157
12394,43467
12395,42794
12396,42228
12397,41841
12398,41684
12399,41783
12400,42134
12401,42704
12402,43438
12403,44261
12404,45088
12405,45833
12406,46416
12407,46773
12408,46862
12409,46668
12410,46205
12411,45514
12412,44662
12413,43732
12414,42818
12415,42016
12416,41412
12417,41076
12418,41052
12419,41357
12420,41974
12421,42854
12422,43921
12423,45078
12424,46212
12425,47207
12426,47954
12427,48358
12428,48351
12429,47894
12430,46984
12431,45653
12432,43967
12433,42018
12434,39923
12435,37807
12436,35797
12437,34011
12438,32547
12439,31480
12440,30850
12441,30667
12442,30904
12443,31508
12444,32400
12445,33487
12446,34669
12447,35850
12448,36945
12449,37889
12450,38641
12451,39189
12452,39547
12453,39755
12454,39871
12455,39965
12456,40111
12457,40377
12458,40818
12459,41469
12460,42339
12461,43408
12462,44631
12463,45938
12464,47240
12465,48440
12466,49437
12467,50139
12468,50472
12469,50386
12470,49861
12471,48912
12472,47585
12473,45958
12474,44135
12475,42235
12476,40384
12477,38705
12478,37309
12479,36282
12480,35684
12481,35539
12482,35834
12483,36523
12484,37532
12485,38760
12486,40096
12487,41421
12488,42626
12489,43614
12490,44315
12491,44684
12492,44711
12493,44416
12494,43851
12495,43086
12496,42211
12497,41321
12498,40508
12499,39853
12500,39416
12501,39234
12502,39314
12503,39635
12504,40151
12505,40793
12506,41480
12507,42125
12508,42645
12509,42968
12510,43044
12511,42845
12512,42375
12513,41664
12514,40768
12515,39767
12516,38750
12517,37813
12518,37049
12519,36533
12520,36323
12521,36445
12522,36896
12523,37640
12524,38612
12525,39720
12526,40859
12527,41911
12528,42764
12529,43316
12530,43488
12531,43227
12532,42516
12533,41374
12534,39852
12535,38034
12536,36028
12537,33955
12538,31944
12539,30116
12540,28580
12541,27420
12542,26691
12543,26413
12544,26575
12545,27133
12546,28018
12547,29142
12548,30405
12549,31708
12550,32962
12551,34091
12552,35046
12553,35803
12554,36364
12555,36759
12556,37040
12557,37274
12558,37532
12559,37888
12560,38401
12561,39115
12562,40049
12563,41195
12564,42518
12565,43958
12566,45431
12567,46842
12568,48091
12569,49081
12570,49729
12571,49975
12572,49786
12573,49162
12574,48138
12575,46780
12576,45180
12577,43453
12578,41723
12579,40115
12580,38747
12581,37715
12582,37090
12583,36910
12584,37177
12585,37858
12586,38889
12587,40179
12588,41619
12589,43093
12590,44485
12591,45693
12592,46635
12593,47255
12594,47530
12595,47467
12596,47105
12597,46508
12598,45760
12599,44953
12600,44183
12601,43536
12602,43079
12603,42862
12604,42901
12605,43188
12606,43685
12607,44332
12608,45053
12609,45761
12610,46369
12611,46802
12612,46999
12613,46922
12614,46564
12615,45943
12616,45106
12617,44123
12618,43082
12619,42076
12620,41201
12621,40540
12622,40158
12623,40095
12624,40360
12625,40930
12626,41751
12627,42741
12628,43800
12629,44813
12630,45666
12631,46250
12632,46476
12633,46281
12634,45633
12635,44537
12636,43030
12637,41185
12638,39101
12639,36896
12640,34695
12641,32626
12642,30802
12643,29319
12644,28244
12645,27612
12646,27424
12647,27649
12648,28227
12649,29077
12650,30103
12651,31204
12652,32287
12653,33269
12654,34092
12655,34718
12656,35143
12657,35384
12658,35486
12659,35510
12660,35528
12661,35613
12662,35831
12663,36234
12664,36852
12665,37687
12666,38717
12667,39888
12668,41128
12669,42345
12670,43440
12671,44314
12672,44878
12673,45061
12674,44820
12675,44140
12676,43044
12677,41585
12678,39847
12679,37935
12680,35972
12681,34084
12682,32393
12683,31005
12684,30003
12685,29437
12686,29325
12687,29649
12688,30355
12689,31363
12690,32569
12691,33861
12692,35121
12693,36240
12694,37128
12695,37717
12696,37972
12697,37887
12698,37490
12699,36835
12700,36000
12701,35073
12702,34152
12703,33327
12704,32673
12705,32249
12706,32084
12707,32181
12708,32513
12709,33027
12710,33655
12711,34311
12712,34908
12713,35366
12714,35617
12715,35613
12716,35335
12717,34790
12718,34014
12719,33070
12720,32038
12721,31010
12722,30084
12723,29347
12724,28873
12725,28713
12726,28889
12727,29390
12728,30174
12729,31171
12730,32286
12731,33408
12732,34423
12733,35217
12734,35694
12735,35778
12736,35425
12737,34624
12738,33400
12739,31812
12740,29949
12741,27921
12742,25854
12743,23875
12744,22104
12745,20644
12746,19574
12747,18943
12748,18765
12749,19022
12750,19664
12751,20617
12752,21790
12753,23084
12754,24400
12755,25651
12756,26766
12757,27701
12758,28437
12759,28983
12760,29372
12761,29661
12762,29917
12763,30214
12764,30622
12765,31198
12766,31983
12767,32989
12768,34204
12769,35586
12770,37070
12771,38570
12772,39989
12773,41227
12774,42189
12775,42796
12776,42992
12777,42752
12778,42082
12779,41024
12780,39648
12781,38053
12782,36356
12783,34682
12784,33156
12785,31891
12786,30979
12787,30486
12788,30441
12789,30841
12790,31645
12791,32783
12792,34160
12793,35665
12794,37181
12795,38594
12796,39806
12797,40738
12798,41342
12799,41600
12800,41526
12801,41165
12802,40586
12803,39873
12804,39122
12805,38426
12806,37868
12807,37514
12808,37405
12809,37554
12810,37945
12811,38537
12812,39265
12813,40050
12814,40805
12815,41446
12816,41897
12817,42103
12818,42032
12819,41681
12820,41076
12821,40267
12822,39329
12823,38351
12824,37428
12825,36654
12826,36109
12827,35854
12828,35923
12829,36318
12830,37009
12831,37938
12832,39017
12833,40143
12834,41200
12835,42075
12836,42661
12837,42875
12838,42658
12839,41987
12840,40872
12841,39360
12842,37527
12843,35477
12844,33331
12845,31215
12846,29255
12847,27561
12848,26224
12849,25305
12850,24831
12851,24798
12852,25168
12853,25877
12854,26838
12855,27955
12856,29129
12857,30266
12858,31289
12859,32142
12860,32797
12861,33250
12862,33527
12863,33676
12864,33761
12865,33854
12866,34028
12867,34347
12868,34858
12869,35587
12870,36530
12871,37659
12872,38917
12873,40225
12874,41492
12875,42616
12876,43499
12877,44056
12878,44221
12879,43956
12880,43254
12881,42144
12882,40684
12883,38964
12884,37094
12885,35198
12886,33402
12887,31824
12888,30568
12889,29710
12890,29295
12891,29332
12892,29796
12893,30628
12894,31742
12895,33032
12896,34383
12897,35679
12898,36815
12899,37702
12900,38282
12901,38522
12902,38425
12903,38024
12904,37379
12905,36569
12906,35687
12907,34829
12908,34082
12909,33520
12910,33195
12911,33132
12912,33326
12913,33745
12914,34335
12915,35020
12916,35716
12917,36336
12918,36801
12919,37046
12920,37030
12921,36738
12922,36184
12923,35409
12924,34479
12925,33479
12926,32501
12927,31643
12928,30989
12929,30610
12930,30551
12931,30828
12932,31423
12933,32288
12934,33348
12935,34504
12936,35644
12937,36652
12938,37419
12939,37849
12940,37875
12941,37458
12942,36594
12943,35315
12944,33687
12945,31804
12946,29780
12947,27741
12948,25814
12949,24116
12950,22747
12951,21780
12952,21256
12953,21183
12954,21536
12955,22260
12956,23278
12957,24495
12958,25812
12959,27132
12960,28370
12961,29461
12962,30365
12963,31067
12964,31584
12965,31954
12966,32234
12967,32495
12968,32812
12969,33250
12970,33867
12971,34695
12972,35744
12973,36994
12974,38399
12975,39890
12976,41377
12977,42762
12978,43946
12979,44835
12980,45355
12981,45456
12982,45118
12983,44355
12984,43214
12985,41774
12986,40135
12987,38418
12988,36748
12989,35250
12990,34032
12991,33182
12992,32758
12993,32785
12994,33249
12995,34106
12996,35278
12997,36667
12998,38159
12999,39639
13000,40994
13001,42129
13002,42971
13003,43479
13004,43639
13005,43475
13006,43034
13007,42389
13008,41630
13009,40850
13010,40142
13011,39586
13012,39244
13013,39151
13014,39314
13015,39712
13016,40300
13017,41008
13018,41754
13019,42453
13020,43021
13021,43385
13022,43495
13023,43326
13024,42878
13025,42182
13026,41296
13027,40298
13028,39277
13029,38331
13030,37549
13031,37011
13032,36770
13033,36856
13034,37264
13035,37958
13036,38874
13037,39920
13038,40990
13039,41967
13040,42738
13041,43203
13042,43280
13043,42919
13044,42102
13045,40848
13046,39208
13047,37266
13048,35130
13049,32922
13050,30770
13051,28797
13052,27110
13053,25793
13054,24902
13055,24459
13056,24450
13057,24833
13058,25538
13059,26477
13060,27552
13061,28664
13062,29721
13063,30651
13064,31404
13065,31954
13066,32306
13067,32489
13068,32556
13069,32572
13070,32611
13071,32745
13072,33034
13073,33523
13074,34230
13075,35149
13076,36243
13077,37452
13078,38695
13079,39875
13080,40892
13081,41651
13082,42068
13083,42082
13084,41663
13085,40810
13086,39557
13087,37971
13088,36145
13089,34194
13090,32241
13091,30413
13092,28826
13093,27578
13094,26740
13095,26349
13096,26408
13097,26885
13098,27715
13099,28808
13100,30054
13101,31338
13102,32544
13103,33571
13104,34336
13105,34784
13106,34891
13107,34665
13108,34145
13109,33396
13110,32501
13111,31553
13112,30647
13113,29869
13114,29288
13115,28952
13116,28879
13117,29060
13118,29458
13119,30012
13120,30645
13121,31273
13122,31808
13123,32174
13124,32310
13125,32180
13126,31776
13127,31115
13128,30246
13129,29238
13130,28178
13131,27161
13132,26281
13133,25623
13134,25251
13135,25205
13136,25494
13137,26095
13138,26954
13139,27989
13140,29100
13141,30172
13142,31091
13143,31747
13144,32053
13145,31944
13146,31389
13147,30391
13148,28990
13149,27257
13150,25292
13151,23210
13152,21140
13153,19207
13154,17526
13155,16191
13156,15269
13157,14795
13158,14771
13159,15165
13160,15918
13161,16946
13162,18155
13163,19445
13164,20720
13165,21899
13166,22922
13167,23753
13168,24385
13169,24838
13170,25155
13171,25397
13172,25635
13173,25943
13174,26388
13175,27019
13176,27867
13177,28934
13178,30197
13179,31604
13180,33080
13181,34535
13182,35868
13183,36981
13184,37784
13185,38207
13186,38205
13187,37765
13188,36908
13189,35687
13190,34186
13191,32511
13192,30783
13193,29129
13194,27670
13195,26513
13196,25738
13197,25399
13198,25510
13199,26055
13200,26979
13201,28201
13202,29620
13203,31120
13204,32584
13205,33905
13206,34990
13207,35772
13208,36216
13209,36315
13210,36098
13211,35618
13212,34953
13213,34192
13214,33431
13215,32760
13216,32257
13217,31977
13218,31950
13219,32179
13220,32638
13221,33274
13222,34016
13223,34781
13224,35481
13225,36035
13226,36376
13227,36456
13228,36254
13229,35780
13230,35069
13231,34182
13232,33201
13233,32218
13234,31328
13235,30622
13236,30173
13237,30031
13238,30217
13239,30723
13240,31505
13241,32492
13242,33591
13243,34692
13244,35677
13245,36437
13246,36872
13247,36909
13248,36502
13249,35640
13250,34350
13251,32689
13252,30748
13253,28637
13254,26480
13255,24405
13256,22533
13257,20967
13258,19786
13259,19038
13260,18739
13261,18869
13262,19380
13263,20197
13264,21230
13265,22380
13266,23548
13267,24646
13268,25606
13269,26382
13270,26955
13271,27334
13272,27555
13273,27672
13274,27753
13275,27873
13276,28102
13277,28498
13278,29099
13279,29920
13280,30949
13281,32144
13282,33439
13283,34750
13284,35979
13285,37027
13286,37798
13287,38215
13288,38221
13289,37790
13290,36931
13291,35684
13292,34121
13293,32340
13294,30457
13295,28600
13296,26893
13297,25448
13298,24360
13299,23692
13300,23475
13301,23706
13302,24344
13303,25319
13304,26536
13305,27885
13306,29249
13307,30514
13308,31581
13309,32373
13310,32841
13311,32968
13312,32768
13313,32285
13314,31589
13315,30765
13316,29908
13317,29112
13318,28459
13319,28015
13320,27822
13321,27893
13322,28212
13323,28738
13324,29407
13325,30139
13326,30847
13327,31446
13328,31863
13329,32042
13330,31950
13331,31585
13332,30971
13333,30162
13334,29230
13335,28264
13336,27361
13337,26613
13338,26101
13339,25886
13340,26002
13341,26450
13342,27202
13343,28197
13344,29351
13345,30557
13346,31701
13347,32669
13348,33356
13349,33676
13350,33573
13351,33021
13352,32032
13353,30651
13354,28956
13355,27050
13356,25053
13357,23092
13358,21293
13359,19766
13360,18601
13361,17859
13362,17567
13363,17721
13364,18283
13365,19188
13366,20350
13367,21673
13368,23056
13369,24407
13370,25648
13371,26722
13372,27601
13373,28282
13374,28791
13375,29174
13376,29495
13377,29827
13378,30243
13379,30806
13380,31563
13381,32539
13382,33731
13383,35110
13384,36620
13385,38181
13386,39701
13387,41078
13388,42215
13389,43027
13390,43446
13391,43434
13392,42985
13393,42127
13394,40919
13395,39449
13396,37828
13397,36179
13398,34628
13399,33294
13400,32279
13401,31660
13402,31480
13403,31751
13404,32445
13405,33504
13406,34842
13407,36353
13408,37921
13409,39430
13410,40773
13411,41866
13412,42645
13413,43080
13414,43174
13415,42959
13416,42494
13417,41860
13418,41149
13419,40455
13420,39868
13421,39459
13422,39282
13423,39360
13424,39689
13425,40239
13426,40952
13427,41754
13428,42560
13429,43285
13430,43847
13431,44183
13432,44251
13433,44036
13434,43552
13435,42841
13436,41968
13437,41017
13438,40083
13439,39260
13440,38635
13441,38279
13442,38235
13443,38519
13444,39115
13445,39975
13446,41022
13447,42158
13448,43272
13449,44247
13450,44973
13451,45357
13452,45330
13453,44853
13454,43922
13455,42571
13456,40864
13457,38896
13458,36781
13459,34645
13460,32615
13461,30808
13462,29325
13463,28238
13464,27588
13465,27385
13466,27602
13467,28186
13468,29058
13469,30126
13470,31288
13471,32449
13472,33525
13473,34449
13474,35181
13475,35710
13476,36049
13477,36237
13478,36334
13479,36408
13480,36535
13481,36781
13482,37203
13483,37835
13484,38685
13485,39735
13486,40939
13487,42227
13488,43510
13489,44691
13490,45669
13491,46352
13492,46666
13493,46561
13494,46017
13495,45049
13496,43703
13497,42058
13498,40216
13499,38297
13500,36427
13501,34730
13502,33315
13503,32270
13504,31653
13505,31489
13506,31766
13507,32437
13508,33427
13509,34637
13510,35954
13511,37262
13512,38448
13513,39418
13514,40100
13515,40452
13516,40460
13517,40148
13518,39564
13519,38782
13520,37889
13521,36981
13522,36151
13523,35478
13524,35023
13525,34823
13526,34885
13527,35189
13528,35687
13529,36311
13530,36981
13531,37609
13532,38111
13533,38417
13534,38475
13535,38259
13536,37772
13537,37043
13538,36131
13539,35112
13540,34078
13541,33125
13542,32343
13543,31811
13544,31584
13545,31689
13546,32123
13547,32850
13548,33805
13549,34897
13550,36019
13551,37055
13552,37892
13553,38427
13554,38582
13555,38305
13556,37578
13557,36419
13558,34881
13559,33047
13560,31025
13561,28936
13562,26908
13563,25065
13564,23513
13565,22337
13566,21592
13567,21298
13568,21444
13569,21987
13570,22857
13571,23964
13572,25212
13573,26500
13574,27738
13575,28852
13576,29791
13577,30532
13578,31078
13579,31458
13580,31725
13581,31943
13582,32186
13583,32527
13584,33025
13585,33724
13586,34643
13587,35774
13588,37083
13589,38507
13590,39966
13591,41363
13592,42597
13593,43572
13594,44206
13595,44437
13596,44234
13597,43596
13598,42558
13599,41185
13600,39571
13601,37830
13602,36086
13603,34464
13604,33082
13605,32036
13606,31397
13607,31204
13608,31457
13609,32125
13610,33142
13611,34418
13612,35845
13613,37305
13614,38684
13615,39879
13616,40807
13617,41414
13618,41676
13619,41599
13620,41224
13621,40615
13622,39853
13623,39034
13624,38251
13625,37591
13626,37122
13627,36891
13628,36918
13629,37192
13630,37677
13631,38312
13632,39020
13633,39715
13634,40312
13635,40732
13636,40917
13637,40828
13638,40458
13639,39825
13640,38976
13641,37982
13642,36928
13643,35911
13644,35024
13645,34351
13646,33957
13647,33883
13648,34136
13649,34695
13650,35505
13651,36484
13652,37531
13653,38534
13654,39375
13655,39948
13656,40163
13657,39957
13658,39299
13659,38191
13660,36674
13661,34818
13662,32724
13663,30507
13664,28296
13665,26216
13666,24383
13667,22889
13668,21804
13669,21162
13670,20963
13671,21178
13672,21747
13673,22586
13674,23602
13675,24693
13676,25766
13677,26739
13678,27552
13679,28169
13680,28584
13681,28816
13682,28908
13683,28923
13684,28931
13685,29007
13686,29216
13687,29610
13688,30219
13689,31045
13690,32065
13691,33228
13692,34459
13693,35668
13694,36754
13695,37620
13696,38175
13697,38349
13698,38099
13699,37412
13700,36307
13701,34840
13702,33093
13703,31173
13704,29202
13705,27307
13706,25608
13707,24212
13708,23202
13709,22628
13710,22509
13711,22825
13712,23523
13713,24524
13714,25723
13715,27007
13716,28260
13717,29372
13718,30253
13719,30835
13720,31083
13721,30991
13722,30587
13723,29925
13724,29083
13725,28150
13726,27222
13727,26390
13728,25730
13729,25300
13730,25128
13731,25219
13732,25544
13733,26053
13734,26674
13735,27324
13736,27916
13737,28368
13738,28612
13739,28603
13740,28319
13741,27768
13742,26987
13743,26037
13744,25000
13745,23967
13746,23035
13747,22293
13748,21814
13749,21649
13750,21819
13751,22316
13752,23095
13753,24087
13754,25197
13755,26315
13756,27324
13757,28114
13758,28587
13759,28667
13760,28309
13761,27504
13762,26275
13763,24683
13764,22816
13765,20784
13766,18713
13767,16730
13768,14955
13769,13491
13770,12418
13771,11783
13772,11602
13773,11855
13774,12493
13775,13443
13776,14613
13777,15903
13778,17216
13779,18464
13780,19577
13781,20509
13782,21242
13783,21784
13784,22171
13785,22457
13786,22711
13787,23005
13788,23410
13789,23985
13790,24767
13791,25771
13792,26983
13793,28363
13794,29845
13795,31343
13796,32760
13797,33996
13798,34956
13799,35562
13800,35756
13801,35515
13802,34843
13803,33783
13804,32406
13805,30810
13806,29111
13807,27436
13808,25909
13809,24643
13810,23730
13811,23236
13812,23191
13813,23589
13814,24393
13815,25530
13816,26907
13817,28411
13818,29927
13819,31339
13820,32551
13821,33483
13822,34086
13823,34344
13824,34271
13825,33910
13826,33330
13827,32618
13828,31867
13829,31171
13830,30614
13831,30260
13832,30151
13833,30301
13834,30693
13835,31285
13836,32015
13837,32800
13838,33557
13839,34198
13840,34650
13841,34857
13842,34787
13843,34438
13844,33834
13845,33026
13846,32090
13847,31113
13848,30192
13849,29420
13850,28877
13851,28624
13852,28694
13853,29091
13854,29784
13855,30715
13856,31797
13857,32925
13858,33984
13859,34861
13860,35450
13861,35666
13862,35452
13863,34784
13864,33671
13865,32161
13866,30331
13867,28284
13868,26141
13869,24028
13870,22071
13871,20381
13872,19047
13873,18131
13874,17661
13875,17631
13876,18005
13877,18717
13878,19682
13879,20803
13880,21980
13881,23121
13882,24148
13883,25005
13884,25664
13885,26121
13886,26403
13887,26556
13888,26645
13889,26742
13890,26920
13891,27244
13892,27760
13893,28493
13894,29441
13895,30575
13896,31837
13897,33151
13898,34422
13899,35551
13900,36440
13901,37002
13902,37172
13903,36913
13904,36216
13905,35111
13906,33657
13907,31942
13908,30078
13909,28188
13910,26397
13911,24826
13912,23576
13913,22723
13914,22314
13915,22357
13916,22827
13917,23665
13918,24786
13919,26082
13920,27440
13921,28743
13922,29885
13923,30779
13924,31365
13925,31612
13926,31522
13927,31127
13928,30489
13929,29687
13930,28812
13931,27961
13932,27221
13933,26667
13934,26349
13935,26293
13936,26494
13937,26921
13938,27519
13939,28212
13940,28915
13941,29543
13942,30016
13943,30269
13944,30261
13945,29977
13946,29431
13947,28664
13948,27742
13949,26750
13950,25781
13951,24931
13952,24286
13953,23916
13954,23865
13955,24150
13956,24754
13957,25629
13958,26697
13959,27862
13960,29011
13961,30028
13962,30804
13963,31244
13964,31279
13965,30871
13966,30016
13967,28747
13968,27128
13969,25255
13970,23240
13971,21211
13972,19294
13973,17606
13974,16247
13975,15289
13976,14775
13977,14712
13978,15075
13979,15810
13980,16838
13981,18065
13982,19393
13983,20723
13984,21971
13985,23073
13986,23987
13987,24700
13988,25228
13989,25608
13990,25899
13991,26171
13992,26498
13993,26948
13994,27576
13995,28415
13996,29475
13997,30736
13998,32153
13999,33655
14000,35154
14001,36551
14002,37745
14003,38646
14004,39178
14005,39290
14006,38964
14007,38213
14008,37084
14009,35656
14010,34029
14011,32324
14012,30667
14013,29180
14014,27974
14015,27137
14016,26726
14017,26764
14018,27241
14019,28110
14020,29295
14021,30696
14022,32202
14023,33694
14024,35062
14025,36209
14026,37065
14027,37585
14028,37759
14029,37607
14030,37179
14031,36548
14032,35802
14033,35035
14034,34341
14035,33799
14036,33470
14037,33390
14038,33566
14039,33979
14040,34580
14041,35301
14042,36062
14043,36775
14044,37356
14045,37734
14046,37859
14047,37703
14048,37269
14049,36588
14050,35716
14051,34732
14052,33725
14053,32793
14054,32026
14055,31502
14056,31276
14057,31376
14058,31799
14059,32508
14060,33438
14061,34499
14062,35584
14063,36576
14064,37362
14065,37842
14066,37934
14067,37588
14068,36787
14069,35547
14070,33922
14071,31996
14072,29875
14073,27683
14074,25546
14075,23588
14076,21917
14077,20616
14078,19740
14079,19312
14080,19319
14081,19718
14082,20439
14083,21394
14084,22485
14085,23612
14086,24686
14087,25632
14088,26401
14089,26967
14090,27335
14091,27535
14092,27618
14093,27650
14094,27706
14095,27856
14096,28162
14097,28667
14098,29391
14099,30326
14100,31437
14101,32663
14102,33922
14103,35119
14104,36153
14105,36928
14106,37362
14107,37394
14108,36992
14109,36156
14110,34920
14111,33351
14112,31543
14113,29608
14114,27672
14115,25862
14116,24292
14117,23062
14118,22241
14119,21868
14120,21944
14121,22439
14122,23287
14123,24397
14124,25661
14125,26962
14126,28187
14127,29231
14128,30014
14129,30480
14130,30604
14131,30397
14132,29895
14133,29164
14134,28287
14135,27357
14136,26469
14137,25709
14138,25147
14139,24829
14140,24774
14141,24974
14142,25390
14143,25962
14144,26614
14145,27260
14146,27814
14147,28198
14148,28353
14149,28242
14150,27856
14151,27215
14152,26364
14153,25375
14154,24334
14155,23336
14156,22475
14157,21835
14158,21482
14159,21455
14160,21763
14161,22384
14162,23262
14163,24317
14164,25447
14165,26538
14166,27476
14167,28152
14168,28477
14169,28387
14170,27851
14171,26873
14172,25492
14173,23778
14174,21832
14175,19770
14176,17720
14177,15806
14178,14145
14179,12829
14180,11927
14181,11474
14182,11469
14183,11883
14184,12656
14185,13704
14186,14933
14187,16242
14188,17538
14189,18737
14190,19780
14191,20631
14192,21283
14193,21756
14194,22093
14195,22355
14196,22614
14197,22942
14198,23407
14199,24058
14200,24926
14201,26014
14202,27297
14203,28724
14204,30221
14205,31696
14206,33050
14207,34184
14208,35008
14209,35451
14210,35469
14211,35050
14212,34214
14213,33014
14214,31533
14215,29879
14216,28172
14217,26539
14218,25101
14219,23964
14220,23210
14221,22892
14222,23024
14223,23589
14224,24534
14225,25778
14226,27218
14227,28739
14228,30224
14229,31566
14230,32672
14231,33475
14232,33940
14233,34061
14234,33864
14235,33406
14236,32762
14237,32022
14238,31282
14239,30633
14240,30151
14241,29892
14242,29887
14243,30137
14244,30617
14245,31274
14246,32038
14247,32824
14248,33546
14249,34122
14250,34483
14251,34585
14252,34405
14253,33952
14254,33263
14255,32397
14256,31438
14257,30476
14258,29609
14259,28924
14260,28496
14261,28376
14262,28584
14263,29111
14264,29915
14265,30924
14266,32045
14267,33167
14268,34175
14269,34956
14270,35413
14271,35472
14272,35086
14273,34247
14274,32978
14275,31339
14276,29420
14277,27330
14278,25195
14279,23143
14280,21292
14281,19748
14282,18589
14283,17863
14284,17586
14285,17738
14286,18271
14287,19111
14288,20166
14289,21337
14290,22527
14291,23648
14292,24630
14293,25428
14294,26023
14295,26424
14296,26667
14297,26806
14298,26909
14299,27052
14300,27302
14301,27720
14302,28343
14303,29187
14304,30238
14305,31455
14306,32772
14307,34105
14308,35357
14309,36427
14310,37220
14311,37659
14312,37687
14313,37279
14314,36442
14315,35217
14316,33676
14317,31917
14318,30057
14319,28222
14320,26537
14321,25115
14322,24048
14323,23403
14324,23208
14325,23461
14326,24121
14327,25119
14328,26358
14329,27730
14330,29115
14331,30402
14332,31492
14333,32306
14334,32797
14335,32946
14336,32768
14337,32308
14338,31634
14339,30832
14340,29997
14341,29223
14342,28592
14343,28171
14344,28000
14345,28093
14346,28435
14347,28983
14348,29674
14349,30428
14350,31158
14351,31780
14352,32219
14353,32420
14354,32350
14355,32008
14356,31416
14357,30629
14358,29719
14359,28776
14360,27895
14361,27169
14362,26680
14363,26487
14364,26624
14365,27095
14366,27869
14367,28886
14368,30062
14369,31290
14370,32457
14371,33447
14372,34155
14373,34498
14374,34417
14375,33887
14376,32920
14377,31561
14378,29888
14379,28004
14380,26029
14381,24091
14382,22314
14383,20809
14384,19666
14385,18945
14386,18676
14387,18852
14388,19436
14389,20363
14390,21547
14391,22892
14392,24297
14393,25669
14394,26932
14395,28028
14396,28929
14397,29632
14398,30163
14399,30567
14400,30910
14401,31265
14402,31702
14403,32287
14404,33066
14405,34063
14406,35278
14407,36678
14408,38209
14409,39792
14410,41334
14411,42733
14412,43892
14413,44725
14414,45165
14415,45175
14416,44748
14417,43911
14418,42725
14419,41276
14420,39677
14421,38049
14422,36520
14423,35207
14424,34214
14425,33616
14426,33458
14427,33750
14428,34466
14429,35546
14430,36906
14431,38438
14432,40027
14433,41557
14434,42922
14435,44036
14436,44836
14437,45293
14438,45408
14439,45213
14440,44770
14441,44157
14442,43467
14443,42794
14444,42228
14445,41841
14446,41684
14447,41783
14448,42134
14449,42704
14450,43438
14451,44261
14452,45088
14453,45833
14454,46416
14455,46773
14456,46862
14457,46668
14458,46205
14459,45514
14460,44662
14461,43732
14462,42818
14463,42016
14464,41412
14465,41076
14466,41052
14467,41357
14468,41974
14469,42854
14470,43921
14471,45078
14472,46212
14473,47207
14474,47954
14475,48358
14476,48351
14477,47894
14478,46984
14479,45653
14480,43967
14481,42018
14482,39923
14483,37807
14484,35797
14485,34011
14486,32547
14487,31480
14488,30850
14489,30667
14490,30904
14491,31508
14492,32400
14493,33487
14494,34669
14495,35850
14496,36945
14497,37889
14498,38641
14499,39189
14500,39547
14501,39755
14502,39871
14503,39965
14504,40111
14505,40377
14506,40818
14507,41469
14508,42339
14509,43408
14510,44631
14511,45938
14512,47240
14513,48440
14514,49437
14515,50139
14516,50472
14517,50386
14518,49861
14519,48912
14520,47585
14521,45958
14522,44135
14523,42235
14524,40384
14525,38705
14526,37309
14527,36282
14528,35684
14529,35539
14530,35834
14531,36523
14532,37532
14533,38760
14534,40096
14535,41421
14536,42626
14537,43614
14538,44315
14539,44684
14540,44711
14541,44416
14542,43851
14543,43086
14544,42211
14545,41321
14546,40508
14547,39853
14548,39416
14549,39234
14550,39314
14551,39635
14552,40151
14553,40793
14554,41480
14555,42125
14556,42645
14557,42968
14558,43044
14559,42845
14560,42375
14561,41664
14562,40768
14563,39767
14564,38750
14565,37813
14566,37049
14567,36533
14568,36323
14569,36445
14570,36896
14571,37640
14572,38612
14573,39720
14574,40859
14575,41911
14576,42764
14577,43316
14578,43488
14579,43227
14580,42516
14581,41374
14582,39852
14583,38034
14584,36028
14585,33955
14586,31944
14587,30116
14588,28580
14589,27420
14590,26691
14591,26413
14592,26575
14593,27133
14594,28018
14595,29142
14596,30405
14597,31708
14598,32962
14599,34091
14600,35046
14601,35803
14602,36364
14603,36759
14604,37040
14605,37274
14606,37532
14607,37888
14608,38401
14609,39115
14610,40049
14611,41195
14612,42518
14613,43958
14614,45431
14615,46842
14616,48091
14617,49081
14618,49729
14619,49975
14620,49786
14621,49162
14622,48138
14623,46780
14624,45180
14625,43453
14626,41723
14627,40115
14628,38747
14629,37715
14630,37090
14631,36910
14632,37177
14633,37858
14634,38889
14635,40179
14636,41619
14637,43093
14638,44485
14639,45693
14640,46635
14641,47255
14642,47530
14643,47467
14644,47105
14645,46508
14646,45760
14647,44953
14648,44183
14649,43536
14650,43079
14651,42862
14652,42901
14653,43188
14654,43685
14655,44332
14656,45053
14657,45761
14658,46369
14659,46802
14660,46999
14661,46922
14662,46564
14663,45943
14664,45106
14665,44123
14666,43082
14667,42076
14668,41201
14669,40540
14670,40158
14671,40095
14672,40360
14673,40930
14674,41751
14675,42741
14676,43800
14677,44813
14678,45666
14679,46250
14680,46476
14681,46281
14682,45633
14683,44537
14684,43030
14685,41185
14686,39101
14687,36896
14688,34695
14689,32626
14690,30802
14691,29319
14692,28244
14693,27612
14694,27424
14695,27649
14696,28227
14697,29077
14698,30103
14699,31204
14700,32287
14701,33269
14702,34092
14703,34718
14704,35143
14705,35384
14706,35486
14707,35510
14708,35528
14709,35613
14710,35831
14711,36234
14712,36852
14713,37687
14714,38717
14715,39888
14716,41128
14717,42345
14718,43440
14719,44314
14720,44878
14721,45061
14722,44820
14723,44140
14724,43044
14725,41585
14726,39847
14727,37935
14728,35972
14729,34084
14730,32393
14731,31005
14732,30003
14733,29437
14734,29325
14735,29649
14736,30355
14737,31363
14738,32569
14739,33861
14740,35121
14741,36240
14742,37128
14743,37717
14744,37972
14745,37887
14746,37490
14747,36835
14748,36000
14749,35073
14750,34152
14751,33327
14752,32673
14753,32249
14754,32084
14755,32181
14756,32513
14757,33027
14758,33655
14759,34311
14760,34908
14761,35366
14762,35617
14763,35613
14764,35335
14765,34790
14766,34014
14767,33070
14768,32038
14769,31010
14770,30084
14771,29347
14772,28873
14773,28713
14774,28889
14775,29390
14776,30174
14777,31171
14778,32286
14779,33408
14780,34423
14781,35217
14782,35694
14783,35778
14784,35425
14785,34624
14786,33400
14787,31812
14788,29949
14789,27921
14790,25854
14791,23875
14792,22104
14793,20644
14794,19574
14795,18943
14796,18765
14797,19022
14798,19664
14799,20617
14800,21790
14801,23084
14802,24400
14803,25651
14804,26766
14805,27701
14806,28437
14807,28983
14808,29372
14809,29661
14810,29917
14811,30214
14812,30622
14813,31198
14814,31983
14815,32989
14816,34204
14817,35586
14818,37070
14819,38570
14820,39989
14821,41227
14822,42189
14823,42796
14824,42992
14825,42752
14826,42082
14827,41024
14828,39648
14829,38053
14830,36356
14831,34682
14832,33156
14833,31891
14834,30979
14835,30486
14836,30441
14837,30841
14838,31645
14839,32783
14840,34160
14841,35665
14842,37181
14843,38594
14844,39806
14845,40738
14846,41342
14847,41600
14848,41526
14849,41165
14850,40586
14851,39873
14852,39122
14853,38426
14854,37868
14855,37514
14856,37405
14857,37554
14858,37945
14859,38537
14860,39265
14861,40050
14862,40805
14863,41446
14864,41897
14865,42103
14866,42032
14867,41681
14868,41076
14869,40267
14870,39329
14871,38351
14872,37428
14873,36654
14874,36109
14875,35854
14876,35923
14877,36318
14878,37009
14879,37938
14880,39017
14881,40143
14882,41200
14883,42075
14884,42661
14885,42875
14886,42658
14887,41987
14888,40872
14889,39360
14890,37527
14891,35477
14892,33331
14893,31215
14894,29255
14895,27561
14896,26224
14897,25305
14898,24831
14899,24798
14900,25168
14901,25877
14902,26838
14903,27955
14904,29129
14905,30266
14906,31289
14907,32142
14908,32797
14909,33250
14910,33527
14911,33676
14912,33761
14913,33854
14914,34028
14915,34347
14916,34858
14917,35587
14918,36530
14919,37659
14920,38917
14921,40225
14922,41492
14923,42616
14924,43499
14925,44056
14926,44221
14927,43956
14928,43254
14929,42144
14930,40684
14931,38964
14932,37094
14933,35198
14934,33402
14935,31824
14936,30568
14937,29710
14938,29295
14939,29332
14940,29796
14941,30628
14942,31742
14943,33032
14944,34383
14945,35679
14946,36815
14947,37702
14948,38282
14949,38522
14950,38425
14951,38024
14952,37379
14953,36569
14954,35687
14955,34829
14956,34082
14957,33520
14958,33195
14959,33132
14960,33326
14961,33745
14962,34335
14963,35020
14964,35716
14965,36336
14966,36801
14967,37046
14968,37030
14969,36738
14970,36184
14971,35409
14972,34479
14973,33479
14974,32501
14975,31643
14976,30989
14977,30610
14978,30551
14979,30828
14980,31423
14981,32288
14982,33348
14983,34504
14984,35644
14985,36652
14986,37419
14987,37849
14988,37875
14989,37458
14990,36594
14991,35315
14992,33687
14993,31804
14994,29780
14995,27741
14996,25814
14997,24116
14998,22747
14999,21780
15000,21256
15001,21183
15002,21536
15003,22260
15004,23278
15005,24495
15006,25812
15007,27132
15008,28370
15009,29461
15010,30365
15011,31067
15012,31584
15013,31954
15014,32234
15015,32495
15016,32812
15017,33250
15018,33867
15019,34695
15020,35744
15021,36994
15022,38399
15023,39890
15024,41377
15025,42762
15026,43946
15027,44835
15028,45355
15029,45456
15030,45118
15031,44355
15032,43214
15033,41774
15034,40135
15035,38418
15036,36748
15037,35250
15038,34032
15039,33182
15040,32758
15041,32785
15042,33249
15043,34106
15044,35278
15045,36667
15046,38159
15047,39639
15048,40994
15049,42129
15050,42971
15051,43479
15052,43639
15053,43475
15054,43034
15055,42389
15056,41630
15057,40850
15058,40142
15059,39586
15060,39244
15061,39151
15062,39314
15063,39712
15064,40300
15065,41008
15066,41754
15067,42453
15068,43021
15069,43385
15070,43495
15071,43326
15072,42878
15073,42182
15074,41296
15075,40298
15076,39277
15077,38331
15078,37549
15079,37011
15080,36770
15081,36856
15082,37264
15083,37958
15084,38874
15085,39920
15086,40990
15087,41967
15088,42738
15089,43203
15090,43280
15091,42919
15092,42102
15093,40848
15094,39208
15095,37266
15096,35130
15097,32922
15098,30770
15099,28797
15100,27110
15101,25793
15102,24902
15103,24459
15104,24450
15105,24833
15106,25538
15107,26477
15108,27552
15109,28664
15110,29721
15111,30651
15112,31404
15113,31954
15114,32306
15115,32489
15116,32556
15117,32572
15118,32611
15119,32745
15120,33034
15121,33523
15122,34230
15123,35149
15124,36243
15125,37452
15126,38695
15127,39875
15128,40892
15129,41651
15130,42068
15131,42082
15132,41663
15133,40810
15134,39557
15135,37971
15136,36145
15137,34194
15138,32241
15139,30413
15140,28826
15141,27578
15142,26740
15143,26349
15144,26408
15145,26885
15146,27715
15147,28808
15148,30054
15149,31338
15150,32544
15151,33571
15152,34336
15153,34784
15154,34891
15155,34665
15156,34145
15157,33396
15158,32501
15159,31553
15160,30647
15161,29869
15162,29288
15163,28952
15164,28879
15165,29060
15166,29458
15167,30012
15168,30645
15169,31273
15170,31808
15171,32174
15172,32310
15173,32180
15174,31776
15175,31115
15176,30246
15177,29238
15178,28178
15179,27161
15180,26281
15181,25623
15182,25251
15183,25205
15184,25494
15185,26095
15186,26954
15187,27989
15188,29100
15189,30172
15190,31091
15191,31747
15192,32053
15193,31944
15194,31389
15195,30391
15196,28990
15197,27257
15198,25292
15199,23210
15200,21140
15201,19207
15202,17526
15203,16191
15204,15269
15205,14795
15206,14771
15207,15165
15208,15918
15209,16946
15210,18155
15211,19445
15212,20720
15213,21899
15214,22922
15215,23753
15216,24385
15217,24838
15218,25155
15219,25397
15220,25635
15221,25943
15222,26388
15223,27019
15224,27867
15225,28934
15226,30197
15227,31604
15228,33080
15229,34535
15230,35868
15231,36981
15232,37784
15233,38207
15234,38205
15235,37765
15236,36908
15237,35687
15238,34186
15239,32511
15240,30783
15241,29129
15242,27670
15243,26513
15244,25738
15245,25399
15246,25510
15247,26055
15248,26979
15249,28201
15250,29620
15251,31120
15252,32584
15253,33905
15254,34990
15255,35772
15256,36216
15257,36315
15258,36098
15259,35618
15260,34953
15261,34192
15262,33431
15263,32760
15264,32257
15265,31977
15266,31950
15267,32179
15268,32638
15269,33274
15270,34016
15271,34781
15272,35481
15273,36035
15274,36376
15275,36456
15276,36254
15277,35780
15278,35069
15279,34182
15280,33201
15281,32218
15282,31328
15283,30622
15284,30173
15285,30031
15286,30217
15287,30723
15288,31505
15289,32492
15290,33591
15291,34692
15292,35677
15293,36437
15294,36872
15295,36909
15296,36502
15297,35640
15298,34350
15299,32689
15300,30748
15301,28637
15302,26480
15303,24405
15304,22533
15305,20967
15306,19786
15307,19038
15308,18739
15309,18869
15310,19380
15311,20197
15312,21230
15313,22380
15314,23548
15315,24646
15316,25606
15317,26382
15318,26955
15319,27334
15320,27555
15321,27672
15322,27753
15323,27873
15324,28102
15325,28498
15326,29099
15327,29920
15328,30949
15329,32144
15330,33439
15331,34750
15332,35979
15333,37027
15334,37798
15335,38215
15336,38221
15337,37790
15338,36931
15339,35684
15340,34121
15341,32340
15342,30457
15343,28600
15344,26893
15345,25448
15346,24360
15347,23692
15348,23475
15349,23706
15350,24344
15351,25319
15352,26536
15353,27885
15354,29249
15355,30514
15356,31581
15357,32373
15358,32841
15359,32968
15360,32768
15361,32285
15362,31589
15363,30765
15364,29908
15365,29112
15366,28459
15367,28015
15368,27822
15369,27893
15370,28212
15371,28738
15372,29407
15373,30139
15374,30847
15375,31446
15376,31863
15377,32042
15378,31950
15379,31585
15380,30971
15381,30162
15382,29230
15383,28264
15384,27361
15385,26613
15386,26101
15387,25886
15388,26002
15389,26450
15390,27202
15391,28197
15392,29351
15393,30557
15394,31701
15395,32669
15396,33356
15397,33676
15398,33573
15399,33021
15400,32032
15401,30651
15402,28956
15403,27050
15404,25053
15405,23092
15406,21293
15407,19766
15408,18601
15409,17859
15410,17567
15411,17721
15412,18283
15413,19188
15414,20350
15415,21673
15416,23056
15417,24407
15418,25648
15419,26722
15420,27601
15421,28282
15422,28791
15423,29174
15424,29495
15425,29827
15426,30243
15427,30806
15428,31563
15429,32539
15430,33731
15431,35110
15432,36620
15433,38181
15434,39701
15435,41078
15436,42215
15437,43027
15438,43446
15439,43434
15440,42985
15441,42127
15442,40919
15443,39449
15444,37828
15445,36179
15446,34628
15447,33294
15448,32279
15449,31660
15450,31480
15451,31751
15452,32445
15453,33504
15454,34842
15455,36353
15456,37921
15457,39430
15458,40773
15459,41866
15460,42645
15461,43080
15462,43174
15463,42959
15464,42494
15465,41860
15466,41149
15467,40455
15468,39868
15469,39459
15470,39282
15471,39360
15472,39689
15473,40239
15474,40952
15475,41754
15476,42560
15477,43285
15478,43847
15479,44183
15480,44251
15481,44036
15482,43552
15483,42841
15484,41968
15485,41017
15486,40083
15487,39260
15488,38635
15489,38279
15490,38235
15491,38519
15492,39115
15493,39975
15494,41022
15495,42158
15496,43272
15497,44247
15498,44973
15499,45357
15500,45330
15501,44853
15502,43922
15503,42571
15504,40864
15505,38896
15506,36781
15507,34645
15508,32615
15509,30808
15510,29325
15511,28238
15512,27588
15513,27385
15514,27602
15515,28186
15516,29058
15517,30126
15518,31288
15519,32449
15520,33525
15521,34449
15522,35181
15523,35710
15524,36049
15525,36237
15526,36334
15527,36408
15528,36535
15529,36781
15530,37203
15531,37835
15532,38685
15533,39735
15534,40939
15535,42227
15536,43510
15537,44691
15538,45669
15539,46352
15540,46666
15541,46561
15542,46017
15543,45049
15544,43703
15545,42058
15546,40216
15547,38297
15548,36427
15549,34730
15550,33315
15551,32270
15552,31653
15553,31489
15554,31766
15555,32437
15556,33427
15557,34637
15558,35954
15559,37262
15560,38448
15561,39418
15562,40100
15563,40452
15564,40460
15565,40148
15566,39564
15567,38782
15568,37889
15569,36981
15570,36151
15571,35478
15572,35023
15573,34823
15574,34885
15575,35189
15576,35687
15577,36311
15578,36981
15579,37609
15580,38111
15581,38417
15582,38475
15583,38259
15584,37772
15585,37043
15586,36131
15587,35112
15588,34078
15589,33125
15590,32343
15591,31811
15592,31584
15593,31689
15594,32123
15595,32850
15596,33805
15597,34897
15598,36019
15599,37055
15600,37892
15601,38427
15602,38582
15603,38305
15604,37578
15605,36419
15606,34881
15607,33047
15608,31025
15609,28936
15610,26908
15611,25065
15612,23513
15613,22337
15614,21592
15615,21298
15616,21444
15617,21987
15618,22857
15619,23964
15620,25212
15621,26500
15622,27738
15623,28852
15624,29791
15625,30532
15626,31078
15627,31458
15628,31725
15629,31943
15630,32186
15631,32527
15632,33025
15633,33724
15634,34643
15635,35774
15636,37083
15637,38507
15638,39966
15639,41363
15640,42597
15641,43572
15642,44206
15643,44437
15644,44234
15645,43596
15646,42558
15647,41185
15648,39571
15649,37830
15650,36086
15651,34464
15652,33082
15653,32036
15654,31397
15655,31204
15656,31457
15657,32125
15658,33142
15659,34418
15660,35845
15661,37305
15662,38684
15663,39879
15664,40807
15665,41414
15666,41676
15667,41599
15668,41224
15669,40615
15670,39853
15671,39034
15672,38251
15673,37591
15674,37122
15675,36891
15676,36918
15677,37192
15678,37677
15679,38312
15680,39020
15681,39715
15682,40312
15683,40732
15684,40917
15685,40828
15686,40458
15687,39825
15688,38976
15689,37982
15690,36928
15691,35911
15692,35024
15693,34351
15694,33957
15695,33883
15696,34136
15697,34695
15698,35505
15699,36484
15700,37531
15701,38534
15702,39375
15703,39948
15704,40163
15705,39957
15706,39299
15707,38191
15708,36674
15709,34818
15710,32724
15711,30507
15712,28296
15713,26216
15714,24383
15715,22889
15716,21804
15717,21162
15718,20963
15719,21178
15720,21747
15721,22586
15722,23602
15723,24693
15724,25766
15725,26739
15726,27552
15727,28169
15728,28584
15729,28816
15730,28908
15731,28923
15732,28931
15733,29007
15734,29216
15735,29610
15736,30219
15737,31045
15738,32065
15739,33228
15740,34459
15741,35668
15742,36754
15743,37620
15744,38175
15745,38349
15746,38099
15747,37412
15748,36307
15749,34840
15750,33093
15751,31173
15752,29202
15753,27307
15754,25608
15755,24212
15756,23202
15757,22628
15758,22509
15759,22825
15760,23523
15761,24524
15762,25723
15763,27007
15764,28260
15765,29372
15766,30253
15767,30835
15768,31083
15769,30991
15770,30587
15771,29925
15772,29083
15773,28150
15774,27222
15775,26390
15776,25730
15777,25300
15778,25128
15779,25219
15780,25544
15781,26053
15782,26674
15783,27324
15784,27916
15785,28368
15786,28612
15787,28603
15788,28319
15789,27768
15790,26987
15791,26037
15792,25000
15793,23967
15794,23035
15795,22293
15796,21814
15797,21649
15798,21819
15799,22316
15800,23095
15801,24087
15802,25197
15803,26315
15804,27324
15805,28114
15806,28587
15807,28667
15808,28309
15809,27504
15810,26275
15811,24683
15812,22816
15813,20784
15814,18713
15815,16730
15816,14955
15817,13491
15818,12418
15819,11783
15820,11602
15821,11855
15822,12493
15823,13443
15824,14613
15825,15903
15826,17216
15827,18464
15828,19577
15829,20509
15830,21242
15831,21784
15832,22171
15833,22457
15834,22711
15835,23005
15836,23410
15837,23985
15838,24767
15839,25771
15840,26983
15841,28363
15842,29845
15843,31343
15844,32760
15845,33996
15846,34956
15847,35562
15848,35756
15849,35515
15850,34843
15851,33783
15852,32406
15853,30810
15854,29111
15855,27436
15856,25909
15857,24643
15858,23730
15859,23236
15860,23191
15861,23589
15862,24393
15863,25530
15864,26907
15865,28411
15866,29927
15867,31339
15868,32551
15869,33483
15870,34086
15871,34344
15872,34271
15873,33910
15874,33330
15875,32618
15876,31867
15877,31171
15878,30614
15879,30260
15880,30151
15881,30301
15882,30693
15883,31285
15884,32015
15885,32800
15886,33557
15887,34198
15888,34650
15889,34857
15890,34787
15891,34438
15892,33834
15893,33026
15894,32090
15895,31113
15896,30192
15897,29420
15898,28877
15899,28624
15900,28694
15901,29091
15902,29784
15903,30715
15904,31797
15905,32925
15906,33984
15907,34861
15908,35450
15909,35666
15910,35452
15911,34784
15912,33671
15913,32161
15914,30331
15915,28284
15916,26141
15917,24028
15918,22071
15919,20381
15920,19047
15921,18131
15922,17661
15923,17631
15924,18005
15925,18717
15926,19682
15927,20803
15928,21980
15929,23121
15930,24148
15931,25005
15932,25664
15933,26121
15934,26403
15935,26556
15936,26645
15937,26742
15938,26920
15939,27244
15940,27760
15941,28493
15942,29441
15943,30575
15944,31837
15945,33151
15946,34422
15947,35551
15948,36440
15949,37002
15950,37172
15951,36913
15952,36216
15953,35111
15954,33657
15955,31942
15956,30078
15957,28188
15958,26397
15959,24826
15960,23576
15961,22723
15962,22314
15963,22357
15964,22827
15965,23665
15966,24786
15967,26082
15968,27440
15969,28743
15970,29885
15971,30779
15972,31365
15973,31612
15974,31522
15975,31127
15976,30489
15977,29687
15978,28812
15979,27961
15980,27221
15981,26667
15982,26349
15983,26293
15984,26494
15985,26921
15986,27519
15987,28212
15988,28915
15989,29543
15990,30016
15991,30269
15992,30261
15993,29977
15994,29431
15995,28664
15996,27742
15997,26750
15998,25781
15999,24931
16000,24286
16001,23916
16002,23865
16003,24150
16004,24754
16005,25629
16006,26697
16007,27862
16008,29011
16009,30028
16010,30804
16011,31244
16012,31279
16013,30871
16014,30016
16015,28747
16016,27128
16017,25255
16018,23240
16019,21211
16020,19294
16021,17606
16022,16247
16023,15289
16024,14775
16025,14712
16026,15075
16027,15810
16028,16838
16029,18065
16030,19393
16031,20723
16032,21971
16033,23073
16034,23987
16035,24700
16036,25228
16037,25608
16038,25899
16039,26171
16040,26498
16041,26948
16042,27576
16043,28415
16044,29475
16045,30736
16046,32153
16047,33655
16048,35154
16049,36551
16050,37745
16051,38646
16052,39178
16053,39290
16054,38964
16055,38213
16056,37084
16057,35656
16058,34029
16059,32324
16060,30667
16061,29180
16062,27974
16063,27137
16064,26726
16065,26764
16066,27241
16067,28110
16068,29295
16069,30696
16070,32202
16071,33694
16072,35062
16073,36209
16074,37065
16075,37585
16076,37759
16077,37607
16078,37179
16079,36548
16080,35802
16081,35035
16082,34341
16083,33799
16084,33470
16085,33390
16086,33566
16087,33979
16088,34580
16089,35301
16090,36062
16091,36775
16092,37356
16093,37734
16094,37859
16095,37703
16096,37269
16097,36588
16098,35716
16099,34732
16100,33725
16101,32793
16102,32026
16103,31502
16104,31276
16105,31376
16106,31799
16107,32508
16108,33438
16109,34499
16110,35584
16111,36576
16112,37362
16113,37842
16114,37934
16115,37588
16116,36787
16117,35547
16118,33922
16119,31996
16120,29875
16121,27683
16122,25546
16123,23588
16124,21917
16125,20616
16126,19740
16127,19312
16128,19319
16129,19718
16130,20439
16131,21394
16132,22485
16133,23612
16134,24686
16135,25632
16136,26401
16137,26967
16138,27335
16139,27535
16140,27618
16141,27650
16142,27706
16143,27856
16144,28162
16145,28667
16146,29391
16147,30326
16148,31437
16149,32663
16150,33922
16151,35119
16152,36153
16153,36928
16154,37362
16155,37394
16156,36992
16157,36156
16158,34920
16159,33351
16160,31543
16161,29608
16162,27672
16163,25862
16164,24292
16165,23062
16166,22241
16167,21868
16168,21944
16169,22439
16170,23287
16171,24397
16172,25661
16173,26962
16174,28187
16175,29231
16176,30014
16177,30480
16178,30604
16179,30397
16180,29895
16181,29164
16182,28287
16183,27357
16184,26469
16185,25709
16186,25147
16187,24829
16188,24774
16189,24974
16190,25390
16191,25962
16192,26614
16193,27260
16194,27814
16195,28198
16196,28353
16197,28242
16198,27856
16199,27215
16200,26364
16201,25375
16202,24334
16203,23336
16204,22475
16205,21835
16206,21482
16207,21455
16208,21763
16209,22384
16210,23262
16211,24317
16212,25447
16213,26538
16214,27476
16215,28152
16216,28477
16217,28387
16218,27851
16219,26873
16220,25492
16221,23778
16222,21832
16223,19770
16224,17720
16225,15806
16226,14145
16227,12829
16228,11927
16229,11474
16230,11469
16231,11883
16232,12656
16233,13704
16234,14933
16235,16242
16236,17538
16237,18737
16238,19780
16239,20631
16240,21283
16241,21756
16242,22093
16243,22355
16244,22614
16245,22942
16246,23407
16247,24058
16248,24926
16249,26014
16250,27297
16251,28724
16252,30221
16253,31696
16254,33050
16255,34184
16256,35008
16257,35451
16258,35469
16259,35050
16260,34214
16261,33014
16262,31533
16263,29879
16264,28172
16265,26539
16266,25101
16267,23964
16268,23210
16269,22892
16270,23024
16271,23589
16272,24534
16273,25778
16274,27218
16275,28739
16276,30224
16277,31566
16278,32672
16279,33475
16280,33940
16281,34061
16282,33864
16283,33406
16284,32762
16285,32022
16286,31282
16287,30633
16288,30151
16289,29892
16290,29887
16291,30137
16292,30617
16293,31274
16294,32038
16295,32824
16296,33546
16297,34122
16298,34483
16299,34585
16300,34405
16301,33952
16302,33263
16303,32397
16304,31438
16305,30476
16306,29609
16307,28924
16308,28496
16309,28376
16310,28584
16311,29111
16312,29915
16313,30924
16314,32045
16315,33167
16316,34175
16317,34956
16318,35413
16319,35472
16320,35086
16321,34247
16322,32978
16323,31339
16324,29420
16325,27330
16326,25195
16327,23143
16328,21292
16329,19748
16330,18589
16331,17863
16332,17586
16333,17738
16334,18271
16335,19111
16336,20166
16337,21337
16338,22527
16339,23648
16340,24630
16341,25428
16342,26023
16343,26424
16344,26667
16345,26806
16346,26909
16347,27052
16348,27302
16349,27720
16350,28343
16351,29187
16352,30238
16353,31455
16354,32772
16355,34105
16356,35357
16357,36427
16358,37220
16359,37659
16360,37687
16361,37279
16362,36442
16363,35217
16364,33676
16365,31917
16366,30057
16367,28222
16368,26537
16369,25115
16370,24048
16371,23403
16372,23208
16373,23461
16374,24121
16375,25119
16376,26358
16377,27730
16378,29115
16379,30402
16380,31492
16381,32306
16382,32797
16383,32946
