index,time_s,ideal_signed_code,dac_code,signed_code
0,0,-7931.54173826927,24836,-7932
1,9.765625e-08,-5785.52465329766,26982,-5786
2,1.953125e-07,-4498.20580739383,28270,-4498
3,2.9296875e-07,-4909.62499772802,27858,-4910
4,3.90625e-07,-7345.47703088419,25423,-7345
5,4.8828125e-07,-11458.5126999155,21309,-11459
6,5.859375e-07,-16303.4238975951,16465,-16303
7,6.8359375e-07,-20623.5748352866,12144,-20624
8,7.8125e-07,-23252.0000892479,9516,-23252
9,8.7890625e-07,-23487.7108115027,9280,-23488
10,9.765625e-07,-21316.4908098082,11452,-21316
11,1.07421875e-06,-17400.1714846371,15368,-17400
12,1.171875e-06,-12840.2056424613,19928,-12840
13,1.26953125e-06,-8800.85992009219,23967,-8801
14,1.3671875e-06,-6126.02822308802,26642,-6126
15,1.46484375e-06,-5084.18173003381,27684,-5084
16,1.5625e-06,-5328.33698571092,27440,-5328
17,1.66015625e-06,-6079.50695652329,26688,-6080
18,1.7578125e-06,-6461.31535925267,26307,-6461
19,1.85546875e-06,-5859.49093988945,26909,-5859
20,1.953125e-06,-4172.23258988802,28596,-4172
21,2.05078125e-06,-1858.58747854697,30909,-1859
22,2.1484375e-06,233.061091306169,33001,233
23,2.24609375e-06,1192.85779431208,33961,1193
24,2.34375e-06,411.885466014402,33180,412
25,2.44140625e-06,-2156.51679736664,30611,-2157
26,2.5390625e-06,-5936.40780061592,26832,-5936
27,2.63671875e-06,-9897.23519662891,22871,-9897
28,2.734375e-06,-12894.4481979535,19874,-12894
29,2.83203125e-06,-14063.4652601017,18705,-14063
30,2.9296875e-06,-13126.8141585538,19641,-13127
31,3.02734375e-06,-10503.7400845531,22264,-10504
32,3.125e-06,-7181.03023940402,25587,-7181
33,3.22265625e-06,-4388.37107120654,28380,-4388
34,3.3203125e-06,-3190.89039254514,29577,-3191
35,3.41796875e-06,-4140.74755317773,28627,-4141
36,3.515625e-06,-7108.2550501786,25660,-7108
37,3.61328125e-06,-11348.7774923999,21419,-11349
38,3.7109375e-06,-15777.6952758455,16990,-15778
39,3.80859375e-06,-19352.2300038559,13416,-19352
40,3.90625e-06,-21422.2583908725,11346,-21422
41,4.00390625e-06,-21925.408216425,10843,-21925
42,4.1015625e-06,-21359.7407649963,11408,-21360
43,4.19921875e-06,-20549.0080074778,12219,-20549
44,4.296875e-06,-20291.1549504936,12477,-20291
45,4.39453125e-06,-21022.9809703089,11745,-21023
46,4.4921875e-06,-22627.4032779223,10141,-22627
47,4.58984375e-06,-24456.988213747,8311,-24457
48,4.6875e-06,-25567.5438676387,7200,-25568
49,4.78515625e-06,-25077.6590846286,7690,-25078
50,4.8828125e-06,-22522.5116491343,10245,-22523
51,4.98046875e-06,-18070.4763037863,14698,-18070
52,5.078125e-06,-12519.1830969043,20249,-12519
53,5.17578125e-06,-7066.49118209397,25702,-7066
54,5.2734375e-06,-2932.97710757117,29835,-2933
55,5.37109375e-06,-966.696338285557,31801,-967
56,5.46875e-06,-1368.5322676868,31399,-1369
57,5.56640625e-06,-3634.53161643812,29133,-3635
58,5.6640625e-06,-6735.187518919,26033,-6735
59,5.76171875e-06,-9468.05792713901,23300,-9468
60,5.859375e-06,-10859.3535640798,21909,-10859
61,5.95703125e-06,-10473.9280416177,22294,-10474
62,6.0546875e-06,-8527.13380044819,24241,-8527
63,6.15234375e-06,-5763.86935049211,27004,-5764
64,6.25e-06,-3153.84457579479,29614,-3154
65,6.34765625e-06,-1517.4447120418,31251,-1517
66,6.4453125e-06,-1220.0974720757,31548,-1220
67,6.54296875e-06,-2046.43219760709,30722,-2046
68,6.640625e-06,-3298.60790409293,29469,-3299
69,6.73828125e-06,-4080.3907629542,28688,-4080
70,6.8359375e-06,-3660.01359013849,29108,-3660
71,6.93359375e-06,-1775.49036938282,30993,-1775
72,7.03125e-06,1233.39644456612,34001,1233
73,7.12890625e-06,4519.16215512601,37287,4519
74,7.2265625e-06,7016.73304792273,39785,7017
75,7.32421875e-06,7827.20956991758,40595,7827
76,7.421875e-06,6557.1771307392,39325,6557
77,7.51953125e-06,3489.56833131889,36258,3490
78,7.6171875e-06,-478.861973816032,32289,-479
79,7.71484375e-06,-4115.49684426779,28653,-4115
80,7.8125e-06,-6250.35038716149,26518,-6250
81,7.91015625e-06,-6156.87309563641,26611,-6157
82,8.0078125e-06,-3782.78036335087,28985,-3783
83,8.10546875e-06,248.296639837419,33016,248
84,8.203125e-06,4862.34894457942,37630,4862
85,8.30078125e-06,8905.58338977493,41674,8906
86,8.3984375e-06,11527.5687570906,44296,11528
87,8.49609375e-06,12441.7950438163,45210,12442
88,8.59375e-06,11974.3322470546,44742,11974
89,8.69140625e-06,10888.8240811521,43657,10889
90,8.7890625e-06,10057.1877995964,42825,10057
91,8.88671875e-06,10100.7592218419,42869,10101
92,8.984375e-06,11136.2604224517,43904,11136
93,9.08203125e-06,12721.5145806707,45490,12722
94,9.1796875e-06,14021.7268418854,46790,14022
95,9.27734375e-06,14135.3921927442,46903,14135
96,9.375e-06,12459.2615282513,45227,12459
97,9.47265625e-06,8956.06705847963,41724,8956
98,9.5703125e-06,4222.74817757805,36991,4223
99,9.66796875e-06,-671.445416405426,32097,-671
100,9.765625e-06,-4524.20002327309,28244,-4524
101,9.86328125e-06,-6398.96945795135,26369,-6399
102,9.9609375e-06,-5942.63695563562,26825,-5943
103,1.005859375e-05,-3508.74647562018,29259,-3509
104,1.015625e-05,-41.3078782593855,32727,-41
105,1.025390625e-05,3241.20941531564,36009,3241
106,1.03515625e-05,5251.46870668126,38019,5251
107,1.044921875e-05,5386.93117667949,38155,5387
108,1.0546875e-05,3709.29411330057,36477,3709
109,1.064453125e-05,890.123394280104,33658,890
110,1.07421875e-05,-2053.30064799979,30715,-2053
111,1.083984375e-05,-4133.52557180736,28634,-4134
112,1.09375e-05,-4742.99823041872,28025,-4743
113,1.103515625e-05,-3852.94204134254,28915,-3853
114,1.11328125e-05,-1991.79016515447,30776,-1992
115,1.123046875e-05,-15.1053804152147,32753,-15
116,1.1328125e-05,1244.71375047195,34013,1245
117,1.142578125e-05,1316.8049051177,34085,1317
118,1.15234375e-05,290.744916124745,33059,291
119,1.162109375e-05,-1200.23787482214,31568,-1200
120,1.171875e-05,-2208.55148951484,30559,-2209
121,1.181640625e-05,-1832.20560924728,30936,-1832
122,1.19140625e-05,425.592524880122,33194,426
123,1.201171875e-05,4430.05079851457,37198,4430
124,1.2109375e-05,9407.93636709528,42176,9408
125,1.220703125e-05,14168.3623980742,46936,14168
126,1.23046875e-05,17477.5456322744,50246,17478
127,1.240234375e-05,18457.9986184142,51226,18458
128,1.25e-05,16872.882283918,49641,16873
129,1.259765625e-05,13196.2542050968,45964,13196
130,1.26953125e-05,8445.42068379275,41213,8445
131,1.279296875e-05,3835.48616047874,36603,3835
132,1.2890625e-05,378.423366410638,33146,378
133,1.298828125e-05,-1432.68870482349,31335,-1433
134,1.30859375e-05,-1745.61579499467,31022,-1746
135,1.318359375e-05,-1239.09204164035,31529,-1239
136,1.328125e-05,-826.765102732001,31941,-827
137,1.337890625e-05,-1287.10144681247,31481,-1287
138,1.34765625e-05,-2956.7775296624,29811,-2957
139,1.357421875e-05,-5600.35852016327,27168,-5600
140,1.3671875e-05,-8503.37747782812,24265,-8503
141,1.376953125e-05,-10753.2453211448,22015,-10753
142,1.38671875e-05,-11602.8519632828,21165,-11603
143,1.396484375e-05,-10780.598298729,21987,-10781
144,1.40625e-05,-8629.31617677813,24139,-8629
145,1.416015625e-05,-6018.39820797584,26750,-6018
146,1.42578125e-05,-4056.10961804916,28712,-4056
147,1.435546875e-05,-3702.53874362499,29065,-3703
148,1.4453125e-05,-5421.25199317282,27347,-5421
149,1.455078125e-05,-8995.65575241464,23772,-8996
150,1.46484375e-05,-13578.4562595331,19190,-13578
151,1.474609375e-05,-17960.0331205929,14808,-17960
152,1.484375e-05,-20963.6373387274,11804,-20964
153,1.494140625e-05,-21830.09213985,10938,-21830
154,1.50390625e-05,-20458.3836815368,12310,-20458
155,1.513671875e-05,-17419.8463915748,15348,-17420
156,1.5234375e-05,-13744.1205809753,19024,-13744
157,1.533203125e-05,-10555.7704138825,22212,-10556
158,1.54296875e-05,-8692.4458867741,24076,-8692
159,1.552734375e-05,-8440.2018515526,24328,-8440
160,1.5625e-05,-9477.57474777109,23290,-9478
161,1.572265625e-05,-11043.3690693829,21725,-11043
162,1.58203125e-05,-12261.6638672933,20506,-12262
163,1.591796875e-05,-12500.8178335737,20267,-12501
164,1.6015625e-05,-11631.723623835,21136,-11632
165,1.611328125e-05,-10088.3184846192,22680,-10088
166,1.62109375e-05,-8706.6015302973,24061,-8707
167,1.630859375e-05,-8400.46629069664,24368,-8400
168,1.640625e-05,-9793.64544545088,22974,-9794
169,1.650390625e-05,-12944.7104853157,19823,-12945
170,1.66015625e-05,-17269.7876146912,15498,-17270
171,1.669921875e-05,-21696.9493411539,11071,-21697
172,1.6796875e-05,-25002.5783481619,7765,-25003
173,1.689453125e-05,-26213.6,6554,-26214
174,1.69921875e-05,-24934.4104246763,7834,-24934
175,1.708984375e-05,-21482.7962633424,11285,-21483
176,1.71875e-05,-16786.1524278692,15982,-16786
177,1.728515625e-05,-12073.8795325113,20694,-12074
178,1.73828125e-05,-8473.66321325663,24294,-8474
179,1.748046875e-05,-6652.66623392468,26115,-6653
180,1.7578125e-05,-6627.62064541391,26140,-6628
181,1.767578125e-05,-7806.64093427043,24961,-7807
182,1.77734375e-05,-9242.40103149867,23526,-9242
183,1.787109375e-05,-10001.1106145427,22767,-10001
184,1.796875e-05,-9511.51887109449,23256,-9512
185,1.806640625e-05,-7767.29486197921,25001,-7767
186,1.81640625e-05,-5311.05645174621,27457,-5311
187,1.826171875e-05,-3008.96539675822,29759,-3009
188,1.8359375e-05,-1701.82559667038,31066,-1702
189,1.845703125e-05,-1864.0249908462,30904,-1864
190,1.85546875e-05,-3398.95083894988,29369,-3399
191,1.865234375e-05,-5649.64844006872,27118,-5650
192,1.875e-05,-7624.56645767518,25143,-7625
193,1.884765625e-05,-8358.89506921212,24409,-8359
194,1.89453125e-05,-7281.11792596463,25487,-7281
195,1.904296875e-05,-4450.58035086879,28317,-4451
196,1.9140625e-05,-576.7392868749,32191,-577
197,1.923828125e-05,3191.69145110825,35960,3192
198,1.93359375e-05,5637.10821276888,38405,5637
199,1.943359375e-05,5874.762270367,38643,5875
200,1.953125e-05,3645.81580068202,36414,3646
201,1.962890625e-05,-600.302939331901,32168,-600
202,1.97265625e-05,-5861.82628918612,26906,-5862
203,1.982421875e-05,-10922.3242789229,21846,-10922
204,1.9921875e-05,-14749.9651619906,18018,-14750
205,2.001953125e-05,-16817.7867129988,15950,-16818
206,2.01171875e-05,-17234.3847516374,15534,-17234
207,2.021484375e-05,-16643.7870840786,16124,-16644
208,2.03125e-05,-15936.8613650341,16831,-15937
209,2.041015625e-05,-15884.1826721226,16884,-15884
210,2.05078125e-05,-16827.5037301239,15940,-16828
211,2.060546875e-05,-18544.1285206835,14224,-18544
212,2.0703125e-05,-20334.0356604468,12434,-20334
213,2.080078125e-05,-21297.0500546108,11471,-21297
214,2.08984375e-05,-20696.7852855791,12071,-20697
215,2.099609375e-05,-18275.19587934,14493,-18275
216,2.109375e-05,-14398.4452205738,18370,-14398
217,2.119140625e-05,-9975.42788439364,22793,-9975
218,2.12890625e-05,-6172.80910796288,26595,-6173
219,2.138671875e-05,-4024.99192246675,28743,-4025
220,2.1484375e-05,-4076.9326393816,28691,-4077
221,2.158203125e-05,-6187.73482296048,26580,-6188
222,2.16796875e-05,-9566.84390106695,23201,-9567
223,2.177734375e-05,-13032.4735290922,19736,-13032
224,2.1875e-05,-15403.0959604373,17365,-15403
225,2.197265625e-05,-15885.7148438684,16882,-15886
226,2.20703125e-05,-14326.1192967624,18442,-14326
227,2.216796875e-05,-11235.8224383151,21532,-11236
228,2.2265625e-05,-7590.07606708435,25178,-7590
229,2.236328125e-05,-4472.55664887832,28295,-4473
230,2.24609375e-05,-2695.88119155471,30072,-2696
231,2.255859375e-05,-2533.90578262063,30234,-2534
232,2.265625e-05,-3659.56598824999,29108,-3660
233,2.275390625e-05,-5306.30224370537,27462,-5306
234,2.28515625e-05,-6589.40981641258,26179,-6589
235,2.294921875e-05,-6865.59667037625,25902,-6866
236,2.3046875e-05,-5995.63710075413,26772,-5996
237,2.314453125e-05,-4411.06964970821,28357,-4411
238,2.32421875e-05,-2958.25426850816,29810,-2958
239,2.333984375e-05,-2575.44566105236,30193,-2575
240,2.34375e-05,-3920.88200028183,28847,-3921
241,2.353515625e-05,-7089.46747049714,25679,-7089
242,2.36328125e-05,-11525.1449030504,21243,-11525
243,2.373046875e-05,-16166.3412065017,16602,-16166
244,2.3828125e-05,-19777.9908453655,12990,-19778
245,2.392578125e-05,-21355.8636327873,11412,-21356
246,2.40234375e-05,-20461.7710583176,12306,-20462
247,2.412109375e-05,-17371.6280823449,15396,-17372
248,2.421875e-05,-12984.0311344425,19784,-12984
249,2.431640625e-05,-8521.4706873656,24247,-8521
250,2.44140625e-05,-5129.25412722075,27639,-5129
251,2.451171875e-05,-3512.54046572599,29255,-3513
252,2.4609375e-05,-3737.00871384495,29031,-3737
253,2.470703125e-05,-5259.10034038436,27509,-5259
254,2.48046875e-05,-7169.07134330156,25599,-7169
255,2.490234375e-05,-8554.11127111613,24214,-8554
256,2.5e-05,-8846.87611102203,23921,-8847
257,2.509765625e-05,-8031.90595576933,24736,-8032
258,2.51953125e-05,-6635.76243073039,26132,-6636
259,2.529296875e-05,-5506.80550736922,27261,-5507
260,2.5390625e-05,-5468.17076122512,27300,-5468
261,2.548828125e-05,-6974.46244530802,25794,-6974
262,2.55859375e-05,-9901.84828183829,22866,-9902
263,2.568359375e-05,-13552.8718681491,19215,-13553
264,2.578125e-05,-16878.8898623779,15889,-16879
265,2.587890625e-05,-18843.0273456844,13925,-18843
266,2.59765625e-05,-18794.0056782184,13974,-18794
267,2.607421875e-05,-16715.3314293014,16053,-16715
268,2.6171875e-05,-13257.4976773249,19511,-13257
269,2.626953125e-05,-9537.67254915314,23230,-9538
270,2.63671875e-05,-6774.26917466355,25994,-6774
271,2.646484375e-05,-5882.98007180604,26885,-5883
272,2.65625e-05,-7174.99048984647,25593,-7175
273,2.666015625e-05,-10262.0303593304,22506,-10262
274,2.67578125e-05,-14199.6078251197,18568,-14200
275,2.685546875e-05,-17815.5095497211,14952,-17816
276,2.6953125e-05,-20105.6811530411,12662,-20106
277,2.705078125e-05,-20557.1533123,12211,-20557
278,2.71484375e-05,-19285.6363516704,13482,-19286
279,2.724609375e-05,-16943.4728359742,15825,-16943
280,2.734375e-05,-14437.0842594779,18331,-14437
281,2.744140625e-05,-12561.662502122,20206,-12562
282,2.75390625e-05,-11689.8683208305,21078,-11690
283,2.763671875e-05,-11630.3253847885,21138,-11630
284,2.7734375e-05,-11708.4850513064,21060,-11708
285,2.783203125e-05,-11040.039812192,21728,-11040
286,2.79296875e-05,-8895.49186761131,23873,-8895
287,2.802734375e-05,-5019.83054445335,27748,-5020
288,2.8125e-05,213.74077621081,32982,214
289,2.822265625e-05,5877.73185790586,38646,5878
290,2.83203125e-05,10771.3015575852,43539,10771
291,2.841796875e-05,13811.9799984441,46580,13812
292,2.8515625e-05,14400.5482957382,47169,14401
293,2.861328125e-05,12629.3346734598,45397,12629
294,2.87109375e-05,9258.72996862334,42027,9259
295,2.880859375e-05,5468.4572055469,38236,5468
296,2.890625e-05,2469.75399162545,35238,2470
297,2.900390625e-05,1113.57845409109,33882,1114
298,2.91015625e-05,1630.6918580415,34399,1631
299,2.919921875e-05,3591.81232287163,36360,3592
300,2.9296875e-05,6097.18874629864,38865,6097
301,2.939453125e-05,8123.3139347274,40891,8123
302,2.94921875e-05,8899.4186915481,41667,8899
303,2.958984375e-05,8177.55665333034,40946,8178
304,2.96875e-05,6300.46003208389,39068,6300
305,2.978515625e-05,4046.10038405405,36814,4046
306,2.98828125e-05,2309.8134627942,35078,2310
307,2.998046875e-05,1744.19299979686,34512,1744
308,3.0078125e-05,2492.20405586775,35260,2492
309,3.017578125e-05,4114.6058507417,36883,4115
310,3.02734375e-05,5741.30374723478,38509,5741
311,3.037109375e-05,6393.64587353991,39162,6394
312,3.046875e-05,5360.99235706496,38129,5361
313,3.056640625e-05,2493.35806677394,35261,2493
314,3.06640625e-05,-1699.42599649119,31069,-1699
315,3.076171875e-05,-6182.9162159731,26585,-6183
316,3.0859375e-05,-9724.46877806049,23044,-9724
317,3.095703125e-05,-11298.5795406765,21469,-11299
318,3.10546875e-05,-10429.6331940619,22338,-10430
319,3.115234375e-05,-7351.83934437102,25416,-7352
320,3.125e-05,-2930.4192563952,29838,-2930
321,3.134765625e-05,1627.63757932439,34396,1628
322,3.14453125e-05,5170.90971364625,37939,5171
323,3.154296875e-05,6969.36083408017,39737,6969
324,3.1640625e-05,6921.75173095824,39690,6922
325,3.173828125e-05,5535.7311733058,38304,5536
326,3.18359375e-05,3693.87046752321,36462,3694
327,3.193359375e-05,2295.59823874738,35064,2296
328,3.203125e-05,1908.56016601558,34677,1909
329,3.212890625e-05,2557.77926105608,35326,2558
330,3.22265625e-05,3729.18956173264,36497,3729
331,3.232421875e-05,4584.61139469167,37353,4585
332,3.2421875e-05,4306.99396342297,37075,4307
333,3.251953125e-05,2446.2548034874,35214,2446
334,3.26171875e-05,-865.017658549561,31903,-865
335,3.271484375e-05,-4909.88273313574,27858,-4910
336,3.28125e-05,-8605.42088707837,24163,-8605
337,3.291015625e-05,-10866.5380796988,21901,-10867
338,3.30078125e-05,-10986.3952846825,21782,-10986
339,3.310546875e-05,-8896.72491469501,23871,-8897
340,3.3203125e-05,-5212.70963689764,27555,-5213
341,3.330078125e-05,-1043.1329992031,31725,-1043
342,3.33984375e-05,2370.09154096757,35138,2370
343,3.349609375e-05,4058.11131990591,36826,4058
344,3.359375e-05,3635.81625587074,36404,3636
345,3.369140625e-05,1409.80403536224,34178,1410
346,3.37890625e-05,-1751.44035161227,31017,-1751
347,3.388671875e-05,-4735.8915541621,28032,-4736
348,3.3984375e-05,-6579.35481610304,26189,-6579
349,3.408203125e-05,-6789.90594823875,25978,-6790
350,3.41796875e-05,-5491.38300736177,27277,-5491
351,3.427734375e-05,-3338.65453687278,29429,-3339
352,3.4375e-05,-1240.6540051187,31527,-1241
353,3.447265625e-05,3.22722475625259,32771,3
354,3.45703125e-05,17.0249442632241,32785,17
355,3.466796875e-05,-1004.88011379248,31763,-1005
356,3.4765625e-05,-2373.0918627805,30395,-2373
357,3.486328125e-05,-3173.82566264937,29594,-3174
358,3.49609375e-05,-2635.32639549727,30133,-2635
359,3.505859375e-05,-454.143292882676,32314,-454
360,3.515625e-05,3041.59442713139,35810,3042
361,3.525390625e-05,6956.72431056488,39725,6957
362,3.53515625e-05,10104.1176518761,42872,10104
363,3.544921875e-05,11396.3920542668,44164,11396
364,3.5546875e-05,10217.0968954592,42985,10217
365,3.564453125e-05,6639.95092753709,39408,6640
366,3.57421875e-05,1417.62703562493,34186,1418
367,3.583984375e-05,-4257.22981649766,28511,-4257
368,3.59375e-05,-9135.69317262236,23632,-9136
369,3.603515625e-05,-12307.1582980557,20461,-12307
370,3.61328125e-05,-13468.1119522122,19300,-13468
371,3.623046875e-05,-12974.1121289374,19794,-12974
372,3.6328125e-05,-11661.971188877,21106,-11662
373,3.642578125e-05,-10511.1301347806,22257,-10511
374,3.65234375e-05,-10269.7498618545,22498,-10270
375,3.662109375e-05,-11181.8860033952,21586,-11182
376,3.671875e-05,-12913.566936625,19854,-12914
377,3.681640625e-05,-14701.8260714653,18066,-14702
378,3.69140625e-05,-15668.6263619023,17099,-15669
379,3.701171875e-05,-15181.0066956083,17587,-15181
380,3.7109375e-05,-13121.6927435375,19646,-13122
381,3.720703125e-05,-9967.06345087148,22801,-9967
382,3.73046875e-05,-6639.91124199874,26128,-6640
383,3.740234375e-05,-4187.27197647672,28581,-4187
384,3.75e-05,-3398.61896539895,29369,-3399
385,3.759765625e-05,-4503.20053765972,28265,-4503
386,3.76953125e-05,-7058.53107962275,25709,-7059
387,3.779296875e-05,-10074.4707416139,22694,-10074
388,3.7890625e-05,-12333.1823822008,20435,-12333
389,3.798828125e-05,-12794.8189495453,19973,-12795
390,3.80859375e-05,-10947.4762767766,21821,-10947
391,3.818359375e-05,-6979.09974720383,25789,-6979
392,3.828125e-05,-1711.85461208539,31056,-1712
393,3.837890625e-05,3676.55890778201,36445,3677
394,3.84765625e-05,8045.16065244644,40813,8045
395,3.857421875e-05,10656.8559358862,43425,10657
396,3.8671875e-05,11392.4355903727,44160,11392
397,3.876953125e-05,10739.6685100221,43508,10740
398,3.88671875e-05,9567.35099485407,42335,9567
399,3.896484375e-05,8771.52507497912,41540,8772
400,3.90625e-05,8926.2569463085,41694,8926
401,3.916015625e-05,10068.1673947509,42836,10068
402,3.92578125e-05,11693.6635539298,44462,11694
403,3.935546875e-05,12968.911246291,45737,12969
404,3.9453125e-05,13073.760430148,45842,13074
405,3.955078125e-05,11550.8027789974,44319,11551
406,3.96484375e-05,8527.76878167721,41296,8528
407,3.974609375e-05,4726.76617070735,37495,4727
408,3.984375e-05,1251.11119521941,34019,1251
409,3.994140625e-05,-778.229736527055,31990,-778
410,4.00390625e-05,-608.757558399784,32159,-609
411,4.013671875e-05,1872.73369407558,34641,1873
412,4.0234375e-05,6082.86131013239,38851,6083
413,4.033203125e-05,10920.9542123837,43689,10921
414,4.04296875e-05,15124.2110420968,47892,15124
415,4.052734375e-05,17675.6266952747,50444,17676
416,4.0625e-05,18123.0910355972,50891,18123
417,4.072265625e-05,16700.0263595993,49468,16700
418,4.08203125e-05,14208.8354394304,46977,14209
419,4.091796875e-05,11712.7615197214,44481,11713
420,4.1015625e-05,10149.2143866922,42917,10149
421,4.111328125e-05,10004.0362655262,42772,10004
422,4.12109375e-05,11162.2584445047,43930,11162
423,4.130859375e-05,12985.5069827189,45754,12986
424,4.140625e-05,14583.1754648839,47351,14583
425,4.150390625e-05,15173.9351388932,47942,15174
426,4.16015625e-05,14401.6509400506,47170,14402
427,4.169921875e-05,12487.0412904788,45255,12487
428,4.1796875e-05,10157.1236635846,42925,10157
429,4.189453125e-05,8376.52932968662,41145,8377
430,4.19921875e-05,7978.29477073978,40746,7978
431,4.208984375e-05,9329.94409526367,42098,9330
432,4.21875e-05,12159.5324137406,44928,12160
433,4.228515625e-05,15609.6545100288,48378,15610
434,4.23828125e-05,18505.5699682137,51274,18506
435,4.248046875e-05,19746.0628041588,52514,19746
436,4.2578125e-05,18680.4689796812,51448,18680
437,4.267578125e-05,15338.8896517032,48107,15339
438,4.27734375e-05,10433.8306228831,43202,10434
439,4.287109375e-05,5132.0757584743,37900,5132
440,4.296875e-05,676.64244233483,33445,677
441,4.306640625e-05,-2008.86614195992,30759,-2009
442,4.31640625e-05,-2596.05860096835,30172,-2596
443,4.326171875e-05,-1414.14963228038,31354,-1414
444,4.3359375e-05,717.597581129525,33486,718
445,4.345703125e-05,2821.63369399992,35590,2822
446,4.35546875e-05,4134.39993986681,36902,4134
447,4.365234375e-05,4382.61343167264,37151,4383
448,4.375e-05,3863.78576828703,36632,3864
449,4.384765625e-05,3303.96738380729,36072,3304
450,4.39453125e-05,3547.98712549029,36316,3548
451,4.404296875e-05,5199.30910577452,37967,5199
452,4.4140625e-05,8345.55661964525,41114,8346
453,4.423828125e-05,12474.8364967124,45243,12475
454,4.43359375e-05,16618.4076904697,49386,16618
455,4.443359375e-05,19672.2001853931,52440,19672
456,4.453125e-05,20783.3595712031,53551,20783
457,4.462890625e-05,19662.540639684,52431,19663
458,4.47265625e-05,16707.5304648052,49476,16708
459,4.482421875e-05,12890.2014248953,45658,12890
460,4.4921875e-05,9442.98683674658,42211,9443
461,4.501953125e-05,7452.77220295339,40221,7453
462,4.51171875e-05,7503.48220662542,40271,7503
463,4.521484375e-05,9491.65840414683,42260,9492
464,4.53125e-05,12678.024842083,45446,12678
465,4.541015625e-05,15954.4271233866,48722,15954
466,4.55078125e-05,18229.611793816,50998,18230
467,4.560546875e-05,18796.2853713813,51564,18796
468,4.5703125e-05,17550.3459769897,50318,17550
469,4.580078125e-05,14987.8539455911,47756,14988
470,4.58984375e-05,11986.2913284754,44754,11986
471,4.599609375e-05,9454.6080890916,42223,9455
472,4.609375e-05,7983.29639173146,40751,7983
473,4.619140625e-05,7624.46042420553,40392,7624
474,4.62890625e-05,7883.16567390929,40651,7883
475,4.638671875e-05,7923.05057555915,40691,7923
476,4.6484375e-05,6909.78873333379,39678,6910
477,4.658203125e-05,4364.42341985223,37132,4364
478,4.66796875e-05,393.700093992077,33162,394
479,4.677734375e-05,-4291.77302618799,28476,-4292
480,4.6875e-05,-8584.10108821003,24184,-8584
481,4.697265625e-05,-11340.1411791375,21428,-11340
482,4.70703125e-05,-11772.29638288,20996,-11772
483,4.716796875e-05,-9729.22753703222,23039,-9729
484,4.7265625e-05,-5765.40040466875,27003,-5765
485,4.736328125e-05,-972.620863894679,31795,-973
486,4.74609375e-05,3369.15697320437,36137,3369
487,4.755859375e-05,6200.61617686397,38969,6201
488,4.765625e-05,7009.65869644553,39778,7010
489,4.775390625e-05,5963.87405467324,38732,5964
490,4.78515625e-05,3806.60777101448,36575,3807
491,4.794921875e-05,1558.60683844535,34327,1559
492,4.8046875e-05,135.819525276131,32904,136
493,4.814453125e-05,22.2727843910661,32790,22
494,4.82421875e-05,1115.03214731716,33883,1115
495,4.833984375e-05,2794.2238665494,35562,2794
496,4.84375e-05,4188.31741064449,36956,4188
497,4.853515625e-05,4533.40851706539,37301,4533
498,4.86328125e-05,3491.03094726546,36259,3491
499,4.873046875e-05,1304.44472896876,34072,1304
500,4.8828125e-05,-1267.22820148977,31501,-1267
501,4.892578125e-05,-3215.82524264058,29552,-3216
502,4.90234375e-05,-3656.25374573081,29112,-3656
503,4.912109375e-05,-2168.23881221252,30600,-2168
504,4.921875e-05,1018.75884606283,33787,1019
505,4.931640625e-05,5068.66924366224,37837,5069
506,4.94140625e-05,8799.66905763969,41568,8800
507,4.951171875e-05,11073.9989326734,43842,11074
508,4.9609375e-05,11180.9141035803,43949,11181
509,4.970703125e-05,9078.33186271795,41846,9078
510,4.98046875e-05,5408.20950829692,38176,5408
511,4.990234375e-05,1280.55096868707,34049,1281
512,5e-05,-2097.42925228032,30671,-2097
513,5.009765625e-05,-3816.31630174551,28952,-3816
514,5.01953125e-05,-3545.70379388974,29222,-3546
515,5.029296875e-05,-1605.61700962387,31162,-1606
516,5.0390625e-05,1191.82471083847,33960,1192
517,5.048828125e-05,3867.94800731403,36636,3868
518,5.05859375e-05,5648.4196150593,38416,5648
519,5.068359375e-05,6242.89356212983,39011,6243
520,5.078125e-05,5931.73603334697,38700,5932
521,5.087890625e-05,5429.90919280102,38198,5430
522,5.09765625e-05,5580.51675367238,38349,5581
523,5.107421875e-05,6993.59725314582,39762,6994
524,5.1171875e-05,9766.52272257325,42535,9767
525,5.126953125e-05,13393.1993669599,46161,13393
526,5.13671875e-05,16900.6707891839,49669,16901
527,5.146484375e-05,19168.5218198356,51937,19169
528,5.15625e-05,19318.8555769177,52087,19319
529,5.166015625e-05,17037.186361824,49805,17037
530,5.17578125e-05,12707.4930661604,45475,12707
531,5.185546875e-05,7309.87766809689,40078,7310
532,5.1953125e-05,2113.44033320498,34881,2113
533,5.205078125e-05,-1730.10796602462,31038,-1730
534,5.21484375e-05,-3551.14244904392,29217,-3551
535,5.224609375e-05,-3358.98004591735,29409,-3359
536,5.234375e-05,-1804.46673373874,30964,-1804
537,5.244140625e-05,74.9470731148508,32843,75
538,5.25390625e-05,1234.12120803815,34002,1234
539,5.263671875e-05,986.775035951309,33755,987
540,5.2734375e-05,-770.346865773451,31998,-770
541,5.283203125e-05,-3552.71723428668,29215,-3553
542,5.29296875e-05,-6499.38414906274,26269,-6499
543,5.302734375e-05,-8718.654358657,24049,-8719
544,5.3125e-05,-9638.04395949782,23130,-9638
545,5.322265625e-05,-9227.80643363659,23540,-9228
546,5.33203125e-05,-8014.46885545908,24754,-8014
547,5.341796875e-05,-6878.48008476512,25890,-6878
548,5.3515625e-05,-6710.01724496535,26058,-6710
549,5.361328125e-05,-8050.08884072119,24718,-8050
550,5.37109375e-05,-10850.906887817,21917,-10851
551,5.380859375e-05,-14447.42014146,18321,-14447
552,5.390625e-05,-17755.9831819599,15012,-17756
553,5.400390625e-05,-19633.7603184897,13134,-19634
554,5.41015625e-05,-19273.4231014806,13495,-19273
555,5.419921875e-05,-16493.4370271114,16275,-16493
556,5.4296875e-05,-11820.0755849716,20948,-11820
557,5.439453125e-05,-6330.51837451357,26437,-6331
558,5.44921875e-05,-1310.76947819769,31457,-1311
559,5.458984375e-05,2152.58455714405,34921,2153
560,5.46875e-05,3504.96536060601,36273,3505
561,5.478515625e-05,2866.73064958048,35635,2867
562,5.48828125e-05,940.719583201449,33709,941
563,5.498046875e-05,-1277.17054051903,31491,-1277
564,5.5078125e-05,-2876.27955094679,29892,-2876
565,5.517578125e-05,-3360.02779703538,29408,-3360
566,5.52734375e-05,-2806.91456650763,29961,-2807
567,5.537109375e-05,-1807.92593377039,30960,-1808
568,5.546875e-05,-1207.10310724682,31561,-1207
569,5.556640625e-05,-1744.36378514677,31024,-1744
570,5.56640625e-05,-3735.57812315068,29032,-3736
571,5.576171875e-05,-6911.33833049334,25857,-6911
572,5.5859375e-05,-10477.7438344755,22290,-10478
573,5.595703125e-05,-13380.9473220247,19387,-13381
574,5.60546875e-05,-14681.8100795739,18086,-14682
575,5.615234375e-05,-13905.2529746793,18863,-13905
576,5.625e-05,-11236.0878204794,21532,-11236
577,5.634765625e-05,-7486.90354628904,25281,-7487
578,5.64453125e-05,-3844.72695349303,28923,-3845
579,5.654296875e-05,-1482.50312785074,31285,-1483
580,5.6640625e-05,-1170.35439823741,31598,-1170
581,5.673828125e-05,-3022.3940828897,29746,-3022
582,5.68359375e-05,-6467.20482637674,26301,-6467
583,5.693359375e-05,-10451.0025029209,22317,-10451
584,5.703125e-05,-13800.3604960027,18968,-13800
585,5.712890625e-05,-15615.6111235753,17152,-15616
586,5.72265625e-05,-15556.5862263254,17211,-15557
587,5.732421875e-05,-13922.4245105705,18846,-13922
588,5.7421875e-05,-11502.1395840623,21266,-11502
589,5.751953125e-05,-9255.35298185406,23513,-9255
590,5.76171875e-05,-7943.17736169379,24825,-7943
591,5.771484375e-05,-7845.88859239365,24922,-7846
592,5.78125e-05,-8670.89445544731,24097,-8671
593,5.791015625e-05,-9683.77286079884,23084,-9684
594,5.80078125e-05,-10012.6065536824,22755,-10013
595,5.810546875e-05,-9011.5418424177,23756,-9012
596,5.8203125e-05,-6546.88059505249,26221,-6547
597,5.830078125e-05,-3096.398127682,29672,-3096
598,5.83984375e-05,379.853070905047,33148,380
599,5.849609375e-05,2755.66047899176,35524,2756
600,5.859375e-05,3131.19217364151,35899,3131
601,5.869140625e-05,1162.04166998433,33930,1162
602,5.87890625e-05,-2794.24189851207,29974,-2794
603,5.888671875e-05,-7769.24830481739,24999,-7769
604,5.8984375e-05,-12483.4718104649,20285,-12483
605,5.908203125e-05,-15751.7396506072,17016,-15752
606,5.91796875e-05,-16853.8507635547,15914,-16854
607,5.927734375e-05,-15742.5825202798,17025,-15743
608,5.9375e-05,-13019.3297149274,19749,-13019
609,5.947265625e-05,-9690.32745887785,23078,-9690
610,5.95703125e-05,-6793.95359857935,25974,-6794
611,5.966796875e-05,-5034.19504546303,27734,-5034
612,5.9765625e-05,-4551.12078062325,28217,-4551
613,5.986328125e-05,-4907.90159974008,27860,-4908
614,5.99609375e-05,-5294.29937600286,27474,-5294
615,6.005859375e-05,-4867.5422550178,27900,-4868
616,6.015625e-05,-3101.74155865665,29666,-3102
617,6.025390625e-05,-14.4789951184702,32754,-14
618,6.03515625e-05,3815.26022399525,36583,3815
619,6.044921875e-05,7446.61279984399,40215,7447
620,6.0546875e-05,9922.1604570886,42690,9922
621,6.064453125e-05,10632.7828426422,43401,10633
622,6.07421875e-05,9566.98768874762,42335,9567
623,6.083984375e-05,7350.08725684665,40118,7350
624,6.09375e-05,5053.77329352704,37822,5054
625,6.103515625e-05,3839.5146548142,36608,3840
626,6.11328125e-05,4559.83161721136,37328,4560
627,6.123046875e-05,7457.91286133162,40226,7458
628,6.1328125e-05,12072.1625883885,44840,12072
629,6.142578125e-05,17380.1379351654,50148,17380
630,6.15234375e-05,22131.7898160932,54900,22132
631,6.162109375e-05,25255.2652931468,58023,25255
632,6.171875e-05,26193.6374002466,58962,26194
633,6.181640625e-05,25056.6296900207,57825,25057
634,6.19140625e-05,22538.3171187405,55306,22538
635,6.201171875e-05,19635.7212239131,52404,19636
636,6.2109375e-05,17273.9166213731,50042,17274
637,6.220703125e-05,15975.3251666822,48743,15975
638,6.23046875e-05,15692.9093852946,48461,15693
639,6.240234375e-05,15865.7115850385,48634,15866
640,6.25e-05,15672.9941306477,48441,15673
641,6.259765625e-05,14390.0330691342,47158,14390
642,6.26953125e-05,11711.0201029098,44479,11711
643,6.279296875e-05,7916.22284436875,40684,7916
644,6.2890625e-05,3817.33703430445,36585,3817
645,6.298828125e-05,496.260357684787,33264,496
646,6.30859375e-05,-1071.18267571185,31697,-1071
647,6.318359375e-05,-371.494051361682,32397,-371
648,6.328125e-05,2440.15688825631,35208,2440
649,6.337890625e-05,6561.12597621241,39329,6561
650,6.34765625e-05,10786.9467245387,43555,10787
651,6.357421875e-05,13898.2309798361,46666,13898
652,6.3671875e-05,15054.8694272954,47823,15055
653,6.376953125e-05,14060.5508763637,46829,14061
654,6.38671875e-05,11406.4386759175,44174,11406
655,6.396484375e-05,8081.08788973709,40849,8081
656,6.40625e-05,5216.27637920911,37984,5216
657,6.416015625e-05,3695.74313908149,36464,3696
658,6.42578125e-05,3865.40508894288,36633,3865
659,6.435546875e-05,5445.49523146002,38213,5445
660,6.4453125e-05,7671.18203198536,40439,7671
661,6.455078125e-05,9605.39700955943,42373,9605
662,6.46484375e-05,10505.7754568918,43274,10506
663,6.474609375e-05,10109.0914057854,42877,10109
664,6.484375e-05,8727.91012558151,41496,8728
665,6.494140625e-05,7123.87954888558,39892,7124
666,6.50390625e-05,6204.72918114442,38973,6205
667,6.513671875e-05,6657.54406174437,39426,6658
668,6.5234375e-05,8655.34724437968,41423,8655
669,6.533203125e-05,11748.440443949,44516,11748
670,6.54296875e-05,14985.4496945118,47753,14985
671,6.552734375e-05,17225.5938023488,49994,17226
672,6.5625e-05,17533.5284394783,50302,17534
673,6.572265625e-05,15516.6925808638,48285,15517
674,6.58203125e-05,11483.9369149387,44252,11484
675,6.591796875e-05,6366.76017461498,39135,6367
676,6.6015625e-05,1428.36006174635,34196,1428
677,6.611328125e-05,-2139.16171946757,30629,-2139
678,6.62109375e-05,-3589.67922052776,29178,-3590
679,6.630859375e-05,-2840.6595570157,29927,-2841
680,6.640625e-05,-460.615894533529,32307,-461
681,6.650390625e-05,2564.3815483425,35332,2564
682,6.66015625e-05,5197.66376662683,37966,5198
683,6.669921875e-05,6718.63046415204,39487,6719
684,6.6796875e-05,6957.54103418864,39726,6958
685,6.689453125e-05,6316.45275589107,39084,6316
686,6.69921875e-05,5573.22243891175,38341,5573
687,6.708984375e-05,5544.97082538252,38313,5545
688,6.71875e-05,6738.63887787961,39507,6739
689,6.728515625e-05,9120.68268578026,41889,9121
690,6.73828125e-05,12093.9961784759,44862,12094
691,6.748046875e-05,14693.811840824,47462,14694
692,6.7578125e-05,15933.3675132958,48701,15933
693,6.767578125e-05,15174.0147585018,47942,15174
694,6.77734375e-05,12383.6932135557,45152,12384
695,6.787109375e-05,8186.41778488971,40954,8186
696,6.796875e-05,3679.82065136008,36448,3680
697,6.806640625e-05,81.1079944066328,32849,81
698,6.81640625e-05,-1676.01712547516,31092,-1676
699,6.826171875e-05,-1252.34736842243,31516,-1252
700,6.8359375e-05,987.166875102522,33755,987
701,6.845703125e-05,4103.36421448917,36871,4103
702,6.85546875e-05,6906.06654426758,39674,6906
703,6.865234375e-05,8356.19377558313,41124,8356
704,6.875e-05,7905.50938215461,40674,7906
705,6.884765625e-05,5656.29975390687,38424,5656
706,6.89453125e-05,2288.78331849377,35057,2289
707,6.904296875e-05,-1212.27991821429,31556,-1212
708,6.9140625e-05,-3928.65735555917,28839,-3929
709,6.923828125e-05,-5340.42693459681,27428,-5340
710,6.93359375e-05,-5497.53038032111,27270,-5498
711,6.943359375e-05,-4970.03098406342,27798,-4970
712,6.953125e-05,-4597.87515181787,28170,-4598
713,6.962890625e-05,-5135.00051970322,27633,-5135
714,6.97265625e-05,-6921.90956293083,25846,-6922
715,6.982421875e-05,-9711.0103414667,23057,-9711
716,6.9921875e-05,-12713.6019250045,20054,-12714
717,7.001953125e-05,-14856.3978914623,17912,-14856
718,7.01171875e-05,-15158.2986391354,17610,-15158
719,7.021484375e-05,-13092.7980475162,19675,-13093
720,7.03125e-05,-8804.53591524252,23963,-8805
721,7.041015625e-05,-3099.19490598413,29669,-3099
722,7.05078125e-05,2793.89045916234,35562,2794
723,7.060546875e-05,7606.16028747864,40374,7606
724,7.0703125e-05,10428.5191461457,43197,10429
725,7.080078125e-05,10986.2697530636,43754,10986
726,7.08984375e-05,9696.20547688361,42464,9696
727,7.099609375e-05,7489.11317052868,40257,7489
728,7.109375e-05,5463.89781418992,38232,5464
729,7.119140625e-05,4498.36306975292,37266,4498
730,7.12890625e-05,4955.35186575691,37723,4955
731,7.138671875e-05,6586.76339935396,39355,6587
732,7.1484375e-05,8665.19472387036,41433,8665
733,7.158203125e-05,10290.0449609034,43058,10290
734,7.16796875e-05,10751.8982916896,43520,10752
735,7.177734375e-05,9818.63127796485,42587,9819
736,7.1875e-05,7836.24328908538,40604,7836
737,7.197265625e-05,5606.05093619811,38374,5606
738,7.20703125e-05,4082.60963944856,36851,4083
739,7.216796875e-05,4003.40587433092,36771,4003
740,7.2265625e-05,5587.67845486175,38356,5588
741,7.236328125e-05,8417.96677101613,41186,8418
742,7.24609375e-05,11552.5850323964,44321,11553
743,7.255859375e-05,13833.7370166097,46602,13834
744,7.265625e-05,14284.5836443538,47053,14285
745,7.275390625e-05,12455.1389034096,45223,12455
746,7.28515625e-05,8593.63437822702,41362,8594
747,7.294921875e-05,3581.10872684845,36349,3581
748,7.3046875e-05,-1349.40164688211,31419,-1349
749,7.314453125e-05,-5011.5499572576,27756,-5012
750,7.32421875e-05,-6643.36165122969,26125,-6643
751,7.333984375e-05,-6133.24327350619,26635,-6133
752,7.34375e-05,-4018.39090435541,28750,-4018
753,7.353515625e-05,-1261.1651730342,31507,-1261
754,7.36328125e-05,1112.11658969868,33880,1112
755,7.373046875e-05,2377.59402084673,35146,2378
756,7.3828125e-05,2353.24548240906,35121,2353
757,7.392578125e-05,1426.91873420765,34195,1427
758,7.40234375e-05,366.838898483662,33135,367
759,7.412109375e-05,-11.6463026979496,32756,-12
760,7.421875e-05,803.354181750659,33571,803
761,7.431640625e-05,2785.11420236071,35553,2785
762,7.44140625e-05,5338.93984947571,38107,5339
763,7.451171875e-05,7493.38904262738,40261,7493
764,7.4609375e-05,8245.38610582856,41013,8245
765,7.470703125e-05,6934.94359548088,39703,6935
766,7.48046875e-05,3512.4646709838,36280,3512
767,7.490234375e-05,-1401.42510387224,31367,-1401
768,7.5e-05,-6690.023589511,26078,-6690
769,7.509765625e-05,-11091.4787532955,21677,-11091
770,7.51953125e-05,-13605.5846608904,19162,-13606
771,7.529296875e-05,-13814.8165958083,18953,-13815
772,7.5390625e-05,-12007.8067426794,20760,-12008
773,7.548828125e-05,-9063.20724502867,23705,-9063
774,7.55859375e-05,-6136.54546071009,26631,-6137
775,7.568359375e-05,-4261.89043593949,28506,-4262
776,7.578125e-05,-4009.14856813165,28759,-4009
777,7.587890625e-05,-5316.32559134379,27452,-5316
778,7.59765625e-05,-7552.05700125645,25216,-7552
779,7.607421875e-05,-9780.35244601626,22988,-9780
780,7.6171875e-05,-11126.9555493261,21641,-11127
781,7.626953125e-05,-11111.1351496331,21657,-11111
782,7.63671875e-05,-9820.81609709407,22947,-9821
783,7.646484375e-05,-7867.44073342713,24901,-7867
784,7.65625e-05,-6138.4668359758,26630,-6138
785,7.666015625e-05,-5440.26723310344,27328,-5440
786,7.67578125e-05,-6165.14004878316,26603,-6165
787,7.685546875e-05,-8108.20754505734,24660,-8108
788,7.6953125e-05,-10505.9428405086,22262,-10506
789,7.705078125e-05,-12287.422700353,20481,-12287
790,7.71484375e-05,-12451.3597947159,20317,-12451
791,7.724609375e-05,-10434.8544310457,22333,-10435
792,7.734375e-05,-6340.84155827508,26427,-6341
793,7.744140625e-05,-940.250221533818,31828,-940
794,7.75390625e-05,4555.54082818099,37324,4556
795,7.763671875e-05,8874.80585246969,41643,8875
796,7.7734375e-05,11086.7277733779,43855,11087
797,7.783203125e-05,10884.9431854017,43653,10885
798,7.79296875e-05,8656.52621296862,41425,8657
799,7.802734375e-05,5315.92276287297,38084,5316
800,7.8125e-05,1966.60096752922,34735,1967
801,7.822265625e-05,-486.55684343782,32281,-487
802,7.83203125e-05,-1635.3719288696,31133,-1635
803,7.841796875e-05,-1672.50099645733,31095,-1673
804,7.8515625e-05,-1268.71777153103,31499,-1269
805,7.861328125e-05,-1273.43103125887,31495,-1273
806,7.87109375e-05,-2352.71396761458,30415,-2353
807,7.880859375e-05,-4701.31989714866,28067,-4701
808,7.890625e-05,-7937.39959289592,24831,-7937
809,7.900390625e-05,-11221.071241029,21547,-11221
810,7.91015625e-05,-13555.2236596402,19213,-13555
811,7.919921875e-05,-14159.0885878511,18609,-14159
812,7.9296875e-05,-12776.9497089861,19991,-12777
813,7.939453125e-05,-9806.26419109901,22962,-9806
814,7.94921875e-05,-6193.7210890336,26574,-6194
815,7.958984375e-05,-3131.25241322095,29637,-3131
816,7.96875e-05,-1656.61935833165,31111,-1657
817,7.978515625e-05,-2298.64116341349,30469,-2299
818,7.98828125e-05,-4892.49050409331,27876,-4892
819,7.998046875e-05,-8630.85549181954,24137,-8631
820,8.0078125e-05,-12333.4839636318,20435,-12333
821,8.017578125e-05,-14840.5356617113,17927,-14841
822,8.02734375e-05,-15391.903774285,17376,-15392
823,8.037109375e-05,-13860.6806475539,18907,-13861
824,8.046875e-05,-10761.9435463531,22006,-10762
825,8.056640625e-05,-7038.8355427466,25729,-7039
826,8.06640625e-05,-3707.36268491286,29061,-3707
827,8.076171875e-05,-1490.83623067504,31277,-1491
828,8.0859375e-05,-576.752488379876,32191,-577
829,8.095703125e-05,-582.672587685103,32185,-583
830,8.10546875e-05,-740.281580209573,32028,-740
831,8.115234375e-05,-226.453966256938,32542,-226
832,8.125e-05,1483.95313630833,34252,1484
833,8.134765625e-05,4377.04696589629,37145,4377
834,8.14453125e-05,7863.32269011915,40631,7863
835,8.154296875e-05,10963.4025765682,43731,10963
836,8.1640625e-05,12652.0429446412,45420,12652
837,8.173828125e-05,12237.2515435308,45005,12237
838,8.18359375e-05,9636.60612425571,42405,9637
839,8.193359375e-05,5448.04135274883,38216,5448
840,8.203125e-05,784.995519483835,33553,785
841,8.212890625e-05,-3070.16839301582,29698,-3070
842,8.22265625e-05,-5075.35958176712,27693,-5075
843,8.232421875e-05,-4758.60519454052,28009,-4759
844,8.2421875e-05,-2354.33620579735,30414,-2354
845,8.251953125e-05,1299.63460872144,34068,1300
846,8.26171875e-05,5065.58957733689,37834,5066
847,8.271484375e-05,7900.59024129758,40669,7901
848,8.28125e-05,9202.12738793741,41970,9202
849,8.291015625e-05,8983.87134575686,41752,8984
850,8.30078125e-05,7823.20776377912,40591,7823
851,8.310546875e-05,6605.23626175785,39373,6605
852,8.3203125e-05,6161.29844162548,38929,6161
853,8.330078125e-05,6937.39509161554,39705,6937
854,8.33984375e-05,8815.67792570709,41584,8816
855,8.349609375e-05,11155.1264881556,43923,11155
856,8.359375e-05,13036.3826067581,45804,13036
857,8.369140625e-05,13620.0645748995,46388,13620
858,8.37890625e-05,12485.2821755106,45253,12485
859,8.388671875e-05,9821.10707724527,42589,9821
860,8.3984375e-05,6396.37645107822,39164,6396
861,8.408203125e-05,3313.46889682368,36081,3313
862,8.41796875e-05,1630.57169257045,34399,1631
863,8.427734375e-05,1985.85770254437,34754,1986
864,8.4375e-05,4358.07461577389,37126,4358
865,8.447265625e-05,8050.71261926062,40819,8051
866,8.45703125e-05,11908.0261819082,44676,11908
867,8.466796875e-05,14689.0154031859,47457,14689
868,8.4765625e-05,15469.515341676,48238,15470
869,8.486328125e-05,13932.8772592892,46701,13933
870,8.49609375e-05,10449.7814259487,43218,10450
871,8.505859375e-05,5923.04232739131,38691,5923
872,8.515625e-05,1456.7374352304,34225,1457
873,8.525390625e-05,-2029.38204125025,30739,-2029
874,8.53515625e-05,-4101.50703381899,28666,-4102
875,8.544921875e-05,-4923.0515562657,27845,-4923
876,8.5546875e-05,-5139.71503663478,27628,-5140
877,8.564453125e-05,-5585.40298266713,27183,-5585
878,8.57421875e-05,-6921.40714283181,25847,-6921
879,8.583984375e-05,-9345.26070055217,23423,-9345
880,8.59375e-05,-12479.7226133966,20288,-12480
881,8.603515625e-05,-15485.8793568885,17282,-15486
882,8.61328125e-05,-17361.5579050628,15406,-17362
883,8.623046875e-05,-17317.2471510154,15451,-17317
884,8.6328125e-05,-15091.693101864,17676,-15092
885,8.642578125e-05,-11089.3525027441,21679,-11089
886,8.65234375e-05,-6284.93249895699,26483,-6285
887,8.662109375e-05,-1923.68382856545,30844,-1924
888,8.671875e-05,880.116631797061,33648,880
889,8.681640625e-05,1506.61690047292,34275,1507
890,8.69140625e-05,28.3945709946148,32796,28
891,8.701171875e-05,-2826.29018247571,29942,-2826
892,8.7109375e-05,-5931.4225235388,26837,-5931
893,8.720703125e-05,-8150.80288554034,24617,-8151
894,8.73046875e-05,-8718.59631877729,24049,-8719
895,8.740234375e-05,-7480.01744563439,25288,-7480
896,8.75e-05,-4910.53613105866,27857,-4911
897,8.759765625e-05,-1912.03709921632,30856,-1912
898,8.76953125e-05,535.688748902891,33304,536
899,8.779296875e-05,1738.70733937982,34507,1739
900,8.7890625e-05,1534.70575214344,34303,1535
901,8.798828125e-05,332.046357461399,33100,332
902,8.80859375e-05,-1070.00417546523,31698,-1070
903,8.818359375e-05,-1811.24212200835,30957,-1811
904,8.828125e-05,-1326.5493772014,31441,-1327
905,8.837890625e-05,406.238500437153,33174,406
906,8.84765625e-05,2821.73372954246,35590,2822
907,8.857421875e-05,4946.64459465361,37715,4947
908,8.8671875e-05,5742.33241070178,38510,5742
909,8.876953125e-05,4488.33640072027,37256,4488
910,8.88671875e-05,1068.13635366895,33836,1068
911,8.896484375e-05,-3948.2528080962,28820,-3948
912,8.90625e-05,-9458.62615871911,23309,-9459
913,8.916015625e-05,-14169.3720269177,18599,-14169
914,8.92578125e-05,-17005.568257014,15762,-17006
915,8.935546875e-05,-17448.2740484431,15320,-17448
916,8.9453125e-05,-15682.5597253119,17085,-15683
917,8.955078125e-05,-12506.9305582223,20261,-12507
918,8.96484375e-05,-9039.26632129536,23729,-9039
919,8.974609375e-05,-6325.90028766554,26442,-6326
920,8.984375e-05,-4993.40055655016,27775,-4993
921,8.994140625e-05,-5065.33112611477,27703,-5065
922,9.00390625e-05,-6005.22080140138,26763,-6005
923,9.013671875e-05,-6964.37856555309,25804,-6964
924,9.0234375e-05,-7139.00190567427,25629,-7139
925,9.033203125e-05,-6102.05300044423,26666,-6102
926,9.04296875e-05,-3985.64237274169,28782,-3986
927,9.052734375e-05,-1445.31270502898,31323,-1445
928,9.0625e-05,581.647572441288,33350,582
929,9.072265625e-05,1235.31223675883,34003,1235
930,9.08203125e-05,76.845113338951,32845,77
931,9.091796875e-05,-2711.8358385644,30056,-2712
932,9.1015625e-05,-6349.97187601797,26418,-6350
933,9.111328125e-05,-9699.1324327955,23069,-9699
934,9.12109375e-05,-11641.6394374926,21126,-11642
935,9.130859375e-05,-11463.5729893225,21304,-11464
936,9.140625e-05,-9106.45788594929,23662,-9106
937,9.150390625e-05,-5197.3092539485,27571,-5197
938,9.16015625e-05,-844.859297792629,31923,-845
939,9.169921875e-05,2727.50215851348,35496,2728
940,9.1796875e-05,4583.93145945634,37352,4584
941,9.189453125e-05,4373.47467951089,37141,4373
942,9.19921875e-05,2420.61319641303,35189,2421
943,9.208984375e-05,-418.7083066389,32349,-419
944,9.21875e-05,-3079.67945339852,29688,-3080
945,9.228515625e-05,-4671.02744672795,28097,-4671
946,9.23828125e-05,-4778.70614022422,27989,-4779
947,9.248046875e-05,-3582.76877888965,29185,-3583
948,9.2578125e-05,-1748.63012624931,31019,-1749
949,9.267578125e-05,-136.861962002574,32631,-137
950,9.27734375e-05,557.904714868096,33326,558
951,9.287109375e-05,102.585731405385,32871,103
952,9.296875e-05,-1156.46651680515,31612,-1156
953,9.306640625e-05,-2400.16450681371,30368,-2400
954,9.31640625e-05,-2632.05532306134,30136,-2632
955,9.326171875e-05,-1056.29601537941,31712,-1056
956,9.3359375e-05,2599.73875986753,35368,2600
957,9.345703125e-05,7938.10162647169,40706,7938
958,9.35546875e-05,13976.2789689064,46744,13976
959,9.365234375e-05,19441.3450479233,52209,19441
960,9.375e-05,23172.1693844008,55940,23172
961,9.384765625e-05,24490.1632049942,57258,24490
962,9.39453125e-05,23409.3800554198,56177,23409
963,9.404296875e-05,20613.2553217293,53381,20613
964,9.4140625e-05,17207.6623445935,49976,17208
965,9.423828125e-05,14338.7363168461,47107,14339
966,9.43359375e-05,12810.8498327903,45579,12811
967,9.443359375e-05,12838.4838790782,45606,12838
968,9.453125e-05,14016.3014364841,46784,14016
969,9.462890625e-05,15512.4799230451,48280,15512
970,9.47265625e-05,16409.9704605814,49178,16410
971,9.482421875e-05,16067.8320888345,48836,16068
972,9.4921875e-05,14368.9969146239,47137,14369
973,9.501953125e-05,11763.6708069846,44532,11764
974,9.51171875e-05,9093.36076826862,41861,9093
975,9.521484375e-05,7261.62581057407,40030,7262
976,9.53125e-05,6874.54558226091,39643,6875
977,9.541015625e-05,7985.8490640673,40754,7986
978,9.55078125e-05,10044.2055530944,42812,10044
979,9.560546875e-05,12066.8336137085,44835,12067
980,9.5703125e-05,12980.8674435774,45749,12981
981,9.580078125e-05,12011.8337557665,44780,12012
982,9.58984375e-05,8979.74564044333,41748,8980
983,9.599609375e-05,4394.74275208148,37163,4395
984,9.609375e-05,-685.216882139263,32083,-685
985,9.619140625e-05,-4987.65372171774,27780,-4988
986,9.62890625e-05,-7434.88748030236,25333,-7435
987,9.638671875e-05,-7487.30713871257,25281,-7487
988,9.6484375e-05,-5302.04717423608,27466,-5302
989,9.658203125e-05,-1654.23170878844,31114,-1654
990,9.66796875e-05,2347.80127091934,35116,2348
991,9.677734375e-05,5649.35007265513,38417,5649
992,9.6875e-05,7599.49694815658,40367,7599
993,9.697265625e-05,8140.99199344869,40909,8141
994,9.70703125e-05,7775.84768932295,40544,7776
995,9.716796875e-05,7324.77152857535,40093,7325
996,9.7265625e-05,7573.52059701067,40342,7574
997,9.736328125e-05,8939.88379736606,41708,8940
998,9.74609375e-05,11286.6345046348,44055,11287
999,9.755859375e-05,13951.5765570464,46720,13952
1000,9.765625e-05,15985.492601717,48753,15985
1001,9.775390625e-05,16511.6332106268,49280,16512
1002,9.78515625e-05,15074.4798960211,47842,15074
1003,9.794921875e-05,11847.6929594422,44616,11848
1004,9.8046875e-05,7620.82575622971,40389,7621
1005,9.814453125e-05,3563.74223461874,36332,3564
1006,9.82421875e-05,848.106307404933,33616,848
1007,9.833984375e-05,257.740487925353,33026,258
1008,9.84375e-05,1925.03589270921,34693,1925
1009,9.853515625e-05,5286.82431240565,38055,5287
1010,9.86328125e-05,9275.7961922153,42044,9276
1011,9.873046875e-05,12680.3681643806,45448,12680
1012,9.8828125e-05,14546.6931788936,47315,14547
1013,9.892578125e-05,14482.4613453789,47250,14482
1014,9.90234375e-05,12758.1947286227,45526,12758
1015,9.912109375e-05,10174.8010983908,42943,10175
1016,9.921875e-05,7749.83733705285,40518,7750
1017,9.931640625e-05,6339.10125467374,39107,6339
1018,9.94140625e-05,6331.79938121436,39100,6332
1019,9.951171875e-05,7529.02466629801,40297,7529
1020,9.9609375e-05,9247.15878846064,42015,9247
1021,9.970703125e-05,10604.9307901916,43373,10605
1022,9.98046875e-05,10885.3607671722,43653,10885
1023,9.990234375e-05,9836.22521728054,42604,9836
1024,0.0001,7795.03720158448,40563,7795
1025,0.00010009765625,5588.74937331341,38357,5589
1026,0.0001001953125,4241.1671925882,37009,4241
1027,0.00010029296875,4592.33272545957,37360,4592
1028,0.000100390625,6967.94304702765,39736,6968
1029,0.00010048828125,11020.7512184119,43789,11021
1030,0.0001005859375,15805.4513999169,48573,15805
1031,0.00010068359375,20065.4100698169,52833,20065
1032,0.00010078125,22633.6640705746,55402,22634
1033,0.00010087890625,22809.2268196274,55577,22809
1034,0.0001009765625,20577.8843892697,53346,20578
1035,0.00010107421875,16601.4704435497,49369,16601
1036,0.000101171875,11981.4400514677,44749,11981
1037,0.00010126953125,7882.06211123164,40650,7882
1038,0.0001013671875,5147.23278857866,37915,5147
1039,0.00010146484375,4045.42552097053,36813,4045
1040,0.0001015625,4229.65911067788,36998,4230
1041,0.00010166015625,4920.94878012151,37689,4921
1042,0.0001017578125,5242.92050054267,38011,5243
1043,0.00010185546875,4581.30527074903,37349,4581
1044,0.000101953125,2834.30423328518,35602,2834
1045,0.00010205078125,460.966806728136,33229,461
1046,0.0001021484375,-1690.32145871263,31078,-1690
1047,0.00010224609375,-2709.702992277,30058,-2710
1048,0.00010234375,-1988.25838617339,30780,-1988
1049,0.00010244140625,520.67550456306,33289,521
1050,0.0001025390625,4241.15972366783,37009,4241
1051,0.00010263671875,8142.64416066826,40911,8143
1052,0.000102734375,11080.5802623411,43849,11081
1053,0.00010283203125,12190.3887159401,44958,12190
1054,0.0001029296875,11194.5995261162,43963,11195
1055,0.00010302734375,8512.46011062838,41280,8512
1056,0.000103125,5130.75989455771,37899,5131
1057,0.00010322265625,2279.1875469583,35047,2279
1058,0.0001033203125,1022.87309846254,33791,1023
1059,0.00010341796875,1913.97811388652,34682,1914
1060,0.000103515625,4822.81730228959,37591,4823
1061,0.00010361328125,9004.75748135261,41773,9005
1062,0.0001037109375,13375.1812526684,46143,13375
1063,0.00010380859375,16891.3124218441,49659,16891
1064,0.00010390625,18903.0299021821,51671,18903
1065,0.00010400390625,19347.9636685847,52116,19348
1066,0.0001041015625,18724.1771973365,51492,18724
1067,0.00010419921875,17855.4246474773,50623,17855
1068,0.000104296875,17539.6532100433,50308,17540
1069,0.00010439453125,18213.6644418944,50982,18214
1070,0.0001044921875,19760.3777307229,52528,19760
1071,0.00010458984375,21532.3615896541,54300,21532
1072,0.0001046875,22585.4262771918,55353,22585
1073,0.00010478515625,22038.1628028694,54806,22038
1074,0.0001048828125,19425.7511113799,52194,19426
1075,0.00010498046875,14916.5681013207,47685,14917
1076,0.000105078125,9308.24597258865,42076,9308
1077,0.00010517578125,3798.6460258962,36567,3799
1078,0.0001052734375,-391.653047985588,32376,-392
1079,0.00010537109375,-2414.59364618391,30353,-2415
1080,0.00010546875,-2069.29024203858,30699,-2069
1081,0.00010556640625,140.306013531253,32908,140
1082,0.0001056640625,3184.69037844966,35953,3185
1083,0.00010576171875,5861.42292331778,38629,5861
1084,0.000105859375,7196.71648467607,39965,7197
1085,0.00010595703125,6755.42678284745,39523,6755
1086,0.0001060546875,4752.90836178204,37521,4753
1087,0.00010615234375,1934.06182938465,34702,1934
1088,0.00010625,-731.400837665441,32037,-731
1089,0.00010634765625,-2423.09231647732,30345,-2423
1090,0.0001064453125,-2775.58281251039,29992,-2776
1091,0.00010654296875,-2004.24090794162,30764,-2004
1092,0.000106640625,-806.905516865428,31961,-807
1093,0.00010673828125,-79.8084031539491,32688,-80
1094,0.0001068359375,-554.714691972207,32213,-555
1095,0.00010693359375,-2493.60834659277,30274,-2494
1096,0.00010703125,-5556.70486525286,27211,-5557
1097,0.00010712890625,-8896.5175104054,23871,-8897
1098,0.0001072265625,-11447.9705328397,21320,-11448
1099,0.00010732421875,-12312.1623508854,20456,-12312
1100,0.000107421875,-11095.6763518206,21672,-11096
1101,0.00010751953125,-8081.44312058336,24687,-8081
1102,0.0001076171875,-4166.21550214101,28602,-4166
1103,0.00010771484375,-582.608433840266,32185,-583
1104,0.0001078125,1499.39418791076,34267,1499
1105,0.00010791015625,1353.24484605867,34121,1353
1106,0.0001080078125,-1073.33908266533,31695,-1073
1107,0.00010810546875,-5156.72445213961,27611,-5157
1108,0.000108203125,-9822.90032363473,22945,-9823
1109,0.00010830078125,-13918.0715736276,18850,-13918
1110,0.0001083984375,-16591.8050283937,16176,-16592
1111,0.00010849609375,-17557.5887369365,15210,-17558
1112,0.00010859375,-17141.4907552507,15627,-17141
1113,0.00010869140625,-16107.1528638268,16661,-16107
1114,0.0001087890625,-15326.4903896205,17442,-15326
1115,0.00010888671875,-15420.8372329511,17347,-15421
1116,0.000108984375,-16506.9135567158,16261,-16507
1117,0.00010908203125,-18142.5406360346,14625,-18143
1118,0.0001091796875,-19492.9217197822,13275,-19493
1119,0.00010927734375,-19656.5499057791,13111,-19657
1120,0.000109375,-18030.1742079569,14738,-18030
1121,0.00010947265625,-14576.5249631423,18191,-14577
1122,0.0001095703125,-9892.5397001343,22875,-9893
1123,0.00010966796875,-5047.46625959819,27721,-5047
1124,0.000109765625,-1243.61649238564,31524,-1244
1125,0.00010986328125,582.465257669349,33350,582
1126,0.0001099609375,77.6640588259785,32846,78
1127,0.00011005859375,-2404.47430480243,30364,-2404
1128,0.00011015625,-5919.93815635598,26848,-5920
1129,0.00011025390625,-9250.25626657987,23518,-9250
1130,0.0001103515625,-11308.0901373767,21460,-11308
1131,0.00011044921875,-11490.8991584325,21277,-11491
1132,0.000110546875,-9860.37883516667,22908,-9860
1133,0.00011064453125,-7088.09327139609,25680,-7088
1134,0.0001107421875,-4191.32103430332,28577,-4191
1135,0.00011083984375,-2157.51280920599,30610,-2158
1136,0.0001109375,-1594.21999526554,31174,-1594
1137,0.00011103515625,-2530.21743632826,30238,-2530
1138,0.0001111328125,-4437.07024215629,28331,-4437
1139,0.00011123046875,-6459.21391357479,26309,-6459
1140,0.000111328125,-7764.24817667907,25004,-7764
1141,0.00011142578125,-7881.30900675565,24887,-7881
1142,0.0001115234375,-6899.97154332437,25868,-6900
1143,0.00011162109375,-5453.4624442922,27315,-5453
1144,0.00011171875,-4489.37201345789,28279,-4489
1145,0.00011181640625,-4909.68890454962,27858,-4910
1146,0.0001119140625,-7211.2042209833,25557,-7211
1147,0.00011201171875,-11259.1242024789,21509,-11259
1148,0.000112109375,-16280.2143681669,16488,-16280
1149,0.00011220703125,-21083.5862588707,11684,-21084
1150,0.0001123046875,-24435.4549985257,8333,-24435
1151,0.00011240234375,-25458.3315287655,7310,-25458
1152,0.0001125,-23915.3751797917,8853,-23915
1153,0.00011259765625,-20280.6419406159,12487,-20281
1154,0.0001126953125,-15571.436535763,17197,-15571
1155,0.00011279296875,-11002.8618384311,21765,-11003
1156,0.000112890625,-7586.88902270174,25181,-7587
1157,0.00011298828125,-5816.59553514867,26951,-5817
1158,0.0001130859375,-5544.21409720423,27224,-5544
1159,0.00011318359375,-6091.00904481007,26677,-6091
1160,0.00011328125,-6543.33120380702,26225,-6543
1161,0.00011337890625,-6122.71259985482,26645,-6123
1162,0.0001134765625,-4492.47528182233,28276,-4492
1163,0.00011357421875,-1888.0525959809,30880,-1888
1164,0.000113671875,976.089991470585,33744,976
1165,0.00011376953125,3187.36486269335,35955,3187
1166,0.0001138671875,3998.66338386034,36767,3999
1167,0.00011396484375,3138.38789173772,35906,3138
1168,0.0001140625,949.371667120449,33717,949
1169,0.00011416015625,-1698.99125877818,31069,-1699
1170,0.0001142578125,-3698.43425044967,29070,-3698
1171,0.00011435546875,-4088.86757242487,28679,-4089
1172,0.000114453125,-2406.72342838401,30361,-2407
1173,0.00011455078125,1131.40594420108,33899,1131
1174,0.0001146484375,5678.22814922322,38446,5678
1175,0.00011474609375,10024.1241473098,42792,10024
1176,0.00011484375,12992.3462849585,45760,12992
1177,0.00011494140625,13823.7191201981,46592,13824
1178,0.0001150390625,12417.2301314209,45185,12417
1179,0.00011513671875,9344.21505588122,42112,9344
1180,0.000115234375,5634.31550265937,38402,5634
1181,0.00011533203125,2412.09692252174,35180,2412
1182,0.0001154296875,515.210587072731,33283,515
1183,0.00011552734375,229.712611797814,32998,230
1184,0.000115625,1234.14068824217,34002,1234
1185,0.00011572265625,2767.30055071301,35535,2767
1186,0.0001158203125,3953.27247878444,36721,3953
1187,0.00011591796875,4160.41638146582,36928,4160
1188,0.000116015625,3259.62611952869,36028,3260
1189,0.00011611328125,1684.84013285358,34453,1685
1190,0.0001162109375,272.058717282666,33040,272
1191,0.00011630859375,-64.8234277973375,32703,-65
1192,0.00011640625,1297.92753485087,34066,1298
1193,0.00011650390625,4418.88424158716,37187,4419
1194,0.0001166015625,8714.17403037348,41482,8714
1195,0.00011669921875,13111.8705302627,45880,13112
1196,0.000116796875,16388.3575340622,49156,16388
1197,0.00011689453125,17570.5615032367,50339,17571
1198,0.0001169921875,16262.8796507637,49031,16263
1199,0.00011708984375,12783.0996905129,45551,12783
1200,0.0001171875,8058.61759478178,40827,8059
1201,0.00011728515625,3318.83502591949,36087,3319
1202,0.0001173828125,-308.561344362152,32459,-309
1203,0.00011748046875,-2156.40772893025,30612,-2156
1204,0.000117578125,-2207.97106602139,30560,-2208
1205,0.00011767578125,-1055.13587071119,31713,-1055
1206,0.0001177734375,354.772773858737,33123,355
1207,0.00011787109375,1087.96551842504,33856,1088
1208,0.00011796875,573.19251137426,33341,573
1209,0.00011806640625,-1195.87623840812,31572,-1196
1210,0.0001181640625,-3676.62193098229,29091,-3677
1211,0.00011826171875,-6002.8818873002,26765,-6003
1212,0.000118359375,-7333.85129776123,25434,-7334
1213,0.00011845703125,-7195.14132583051,25573,-7195
1214,0.0001185546875,-5683.36382748037,27085,-5683
1215,0.00011865234375,-3455.47263210122,29313,-3455
1216,0.00011875,-1503.01821757233,31265,-1503
1217,0.00011884765625,-790.809560708864,31977,-791
1218,0.0001189453125,-1890.36217742194,30878,-1890
1219,0.00011904296875,-4742.32992494121,28026,-4742
1220,0.000119140625,-8637.25505348251,24131,-8637
1221,0.00011923828125,-12426.4229543339,20342,-12426
1222,0.0001193359375,-14892.2291964412,17876,-14892
1223,0.00011943359375,-15149.924284412,17618,-15150
1224,0.00011953125,-12940.6696404921,19827,-12941
1225,0.00011962890625,-8713.89278024978,24054,-8714
1226,0.0001197265625,-3471.36063596268,29297,-3471
1227,0.00011982421875,1570.49753741959,34338,1570
1228,0.000119921875,5379.85069512392,38148,5380
1229,0.00012001953125,7429.73730028238,40198,7430
1230,0.0001201171875,7828.75384782547,40597,7829
1231,0.00012021484375,7220.92880585871,39989,7221
1232,0.0001203125,6497.13047769447,39265,6497
1233,0.00012041015625,6427.9345761959,39196,6428
1234,0.0001205078125,7355.09444800622,40123,7355
1235,0.00012060546875,9055.91468323041,41824,9056
1236,0.000120703125,10830.3744935465,43598,10830
1237,0.00012080078125,11778.2993657349,44546,11778
1238,0.0001208984375,11163.3034503108,43931,11163
1239,0.00012099609375,8727.34182788227,41495,8727
1240,0.00012109375,4836.57842423515,37605,4837
1241,0.00012119140625,399.908342054479,33168,400
1242,0.0001212890625,-3416.00266747808,29352,-3416
1243,0.00012138671875,-5576.75107273229,27191,-5577
1244,0.000121484375,-5537.38007537867,27231,-5537
1245,0.00012158203125,-3438.78563792135,29329,-3439
1246,0.0001216796875,-71.5218728820194,32696,-72
1247,0.00012177734375,3382.62532109984,36151,3383
1248,0.000121875,5742.12862973251,38510,5742
1249,0.00012197265625,6213.99212041077,38982,6214
1250,0.0001220703125,4644.00531544599,37412,4644
1251,0.00012216796875,1543.68172525894,34312,1544
1252,0.000122265625,-2111.72647409178,30656,-2112
1253,0.00012236328125,-5238.54245303554,27529,-5239
1254,0.0001224609375,-7024.14885370444,25744,-7024
1255,0.00012255859375,-7194.68925234638,25573,-7195
1256,0.00012265625,-6077.22776032044,26691,-6077
1257,0.00012275390625,-4438.3236336871,28330,-4438
1258,0.0001228515625,-3162.68131014533,29605,-3163
1259,0.00012294921875,-2893.5925446281,29874,-2894
1260,0.000123046875,-3770.28277473863,28998,-3770
1261,0.00012314453125,-5361.21320490936,27407,-5361
1262,0.0001232421875,-6820.02364430806,25948,-6820
1263,0.00012333984375,-7208.4591633258,25560,-7208
1264,0.0001234375,-5868.28137717152,26900,-5868
1265,0.00012353515625,-2704.5859035631,30063,-2705
1266,0.0001236328125,1726.57027295717,34495,1727
1267,0.00012373046875,6363.61423117215,39132,6364
1268,0.000123828125,9971.48059192978,42739,9971
1269,0.00012392578125,11545.9393108137,44314,11546
1270,0.0001240234375,10648.8020059122,43417,10649
1271,0.00012412109375,7555.98375224634,40324,7556
1272,0.00012421875,3166.08108011201,35934,3166
1273,0.00012431640625,-1298.41545092653,31470,-1298
1274,0.0001244140625,-4692.19838187008,28076,-4692
1275,0.00012451171875,-6310.10864202768,26458,-6310
1276,0.000124609375,-6086.46717538444,26682,-6086
1277,0.00012470703125,-4564.83248200578,28203,-4565
1278,0.0001248046875,-2654.94854673106,30113,-2655
1279,0.00012490234375,-1269.62581776267,31498,-1270
1280,0.000125,-976.208318553964,31792,-976
1281,0.00012509765625,-1790.1559809271,30978,-1790
1282,0.0001251953125,-3184.90721800602,29583,-3185
1283,0.00012529296875,-4312.10211074556,28456,-4312
1284,0.000125390625,-4348.60514994588,28419,-4349
1285,0.00012548828125,-2839.8121628546,29928,-2840
1286,0.0001255859375,90.4444785759929,32858,90
1287,0.00012568359375,3744.70826359487,36513,3745
1288,0.00012578125,7074.33572834785,39842,7074
1289,0.00012587890625,9042.45181810018,41810,9042
1290,0.0001259765625,8997.77774320925,41766,8998
1291,0.00012607421875,6923.81990931229,39692,6924
1292,0.000126171875,3471.07121723035,36239,3471
1293,0.00012626953125,-243.300397621981,32525,-243
1294,0.0001263671875,-3000.8820106889,29767,-3001
1295,0.00012646484375,-3885.98132320654,28882,-3886
1296,0.0001265625,-2587.41331895117,30181,-2587
1297,0.00012666015625,506.551685733328,33275,507
1298,0.0001267578125,4451.42157498151,37219,4451
1299,0.00012685546875,8074.9827367444,40843,8075
1300,0.000126953125,10373.180502555,43141,10373
1301,0.00012705078125,10833.0452474532,43601,10833
1302,0.0001271484375,9570.28697963545,42338,9570
1303,0.00012724609375,7237.24793416374,40005,7237
1304,0.00012734375,4740.34926177358,37508,4740
1305,0.00012744140625,2874.78248511591,35643,2875
1306,0.0001275390625,2013.20799008012,34781,2013
1307,0.00012763671875,1964.24906108613,34732,1964
1308,0.000127734375,2053.35665696223,34821,2053
1309,0.00012783203125,1396.22285733306,34164,1396
1310,0.0001279296875,-736.650563504838,32031,-737
1311,0.00012802734375,-4600.27471820153,28168,-4600
1312,0.000128125,-9821.4466788786,22947,-9821
1313,0.00012822265625,-15472.6766758896,17295,-15473
1314,0.0001283203125,-20353.1240466357,12415,-20353
1315,0.00012841796875,-23380.3194083601,9388,-23380
1316,0.000128515625,-23955.0443839491,8813,-23955
1317,0.00012861328125,-22169.6277185881,10598,-22170
1318,0.0001287109375,-18784.4607840281,13984,-18784
1319,0.00012880859375,-14979.2671528468,17789,-14979
1320,0.00012890625,-11965.2849942016,20803,-11965
1321,0.00012900390625,-10593.4730105681,22175,-10593
1322,0.0001291015625,-11094.5930557474,21673,-11095
1323,0.00012919921875,-13039.3638512753,19729,-13039
1324,0.000129296875,-15528.0349104248,17240,-15528
1325,0.00012939453125,-17537.0996685483,15231,-17537
1326,0.0001294921875,-18295.7895713516,14472,-18296
1327,0.00012958984375,-17556.1589110637,15212,-17556
1328,0.0001296875,-15660.9405686729,17107,-15661
1329,0.00012978515625,-13388.106782697,19380,-13388
1330,0.0001298828125,-11632.9940022303,21135,-11633
1331,0.00012998046875,-11048.1966675484,21720,-11048
1332,0.000130078125,-11776.6805614552,20991,-11777
1333,0.00013017578125,-13379.2056388722,19389,-13379
1334,0.0001302734375,-14985.6780109628,17782,-14986
1335,0.00013037109375,-15617.4465673993,17151,-15617
1336,0.00013046875,-14563.8722101729,18204,-14564
1337,0.00013056640625,-11674.9705959054,21093,-11675
1338,0.0001306640625,-7460.57352614159,25307,-7461
1339,0.00013076171875,-2955.12543135622,29813,-2955
1340,0.000130859375,608.729048137811,33377,609
1341,0.00013095703125,2205.48493060908,34973,2205
1342,0.0001310546875,1359.52605372227,34128,1360
1343,0.00013115234375,-1694.93884183331,31073,-1695
1344,0.00013125,-6092.68936958842,26675,-6093
1345,0.00013134765625,-10626.7369301474,22141,-10627
1346,0.0001314453125,-14145.6609783044,18622,-14146
1347,0.00013154296875,-15919.426118261,16849,-15919
1348,0.000131640625,-15846.7940697623,16921,-15847
1349,0.00013173828125,-14435.4145439335,18333,-14435
1350,0.0001318359375,-12567.8598019258,20200,-12568
1351,0.00013193359375,-11143.5594362419,21624,-11144
1352,0.00013203125,-10730.160105864,22038,-10730
1353,0.00013212890625,-11352.6858150065,21415,-11353
1354,0.0001322265625,-12497.0716065243,20271,-12497
1355,0.00013232421875,-13325.1388245212,19443,-13325
1356,0.000132421875,-13019.8377023728,19748,-13020
1357,0.00013251953125,-11131.0868179153,21637,-11131
1358,0.0001326171875,-7791.47565233969,24977,-7791
1359,0.00013271484375,-3717.94596213441,29050,-3718
1360,0.0001328125,6.58164030122618,32775,7
1361,0.00013291015625,2297.01202285218,35065,2297
1362,0.0001330078125,2446.50505557904,35215,2447
1363,0.00013310546875,386.792035374976,33155,387
1364,0.000133203125,-3266.94549847586,29501,-3267
1365,0.00013330078125,-7405.92513800076,25362,-7406
1366,0.0001333984375,-10788.2345777383,21980,-10788
1367,0.00013349609375,-12445.0223179162,20323,-12445
1368,0.00013359375,-11991.1794526618,20777,-11991
1369,0.00013369140625,-9733.30485623216,23035,-9733
1370,0.0001337890625,-6539.88471823508,26228,-6540
1371,0.00013388671875,-3522.94560096006,29245,-3523
1372,0.000133984375,-1646.68348374296,31121,-1647
1373,0.00013408203125,-1403.02379063848,31365,-1403
1374,0.0001341796875,-2668.12971137269,30100,-2668
1375,0.00013427734375,-4787.13396067682,27981,-4787
1376,0.000134375,-6851.10433990181,25917,-6851
1377,0.00013447265625,-8060.65076711948,24707,-8061
1378,0.0001345703125,-8039.81032652686,24728,-8040
1379,0.00013466796875,-6982.96505503643,25785,-6983
1380,0.000134765625,-5579.51235475781,27188,-5580
1381,0.00013486328125,-4743.2381925444,28025,-4743
1382,0.0001349609375,-5245.89902437254,27522,-5246
1383,0.00013505859375,-7390.94696798061,25377,-7391
1384,0.00013515625,-10850.2541657739,21918,-10850
1385,0.00013525390625,-14728.6595353609,18039,-14729
1386,0.0001353515625,-17839.0357538571,14929,-17839
1387,0.00013544921875,-19094.0018181382,13674,-19094
1388,0.000135546875,-17877.1085105639,14891,-17877
1389,0.00013564453125,-14262.0759987673,18506,-14262
1390,0.0001357421875,-9001.5785942798,23766,-9002
1391,0.00013583984375,-3288.26269809214,29480,-3288
1392,0.0001359375,1628.94378562608,34397,1629
1393,0.00013603515625,4839.4346635245,37607,4839
1394,0.0001361328125,6039.69522572019,38808,6040
1395,0.00013623046875,5585.28198617577,38353,5585
1396,0.000136328125,4313.00581512446,37081,4313
1397,0.00013642578125,3202.30621442977,35970,3202
1398,0.0001365234375,3001.34256799508,35769,3001
1399,0.00013662109375,3954.16898745361,36722,3954
1400,0.00013671875,5726.81231806184,38495,5727
1401,0.00013681640625,7556.30442752991,40324,7556
1402,0.0001369140625,8564.60671744591,41333,8565
1403,0.00013701171875,8118.75651295544,40887,8119
1404,0.000137109375,6101.47791241585,38869,6101
1405,0.00013720703125,2989.14827840158,35757,2989
1406,0.0001373046875,-295.441557257077,32473,-295
1407,0.00013740234375,-2705.257337452,30063,-2705
1408,0.0001375,-3450.82736336967,29317,-3451
1409,0.00013759765625,-2302.90492816586,30465,-2303
1410,0.0001376953125,296.022722764186,33064,296
1411,0.00013779296875,3355.81409833979,36124,3356
1412,0.000137890625,5658.63040613636,38427,5659
1413,0.00013798828125,6164.62293379994,38933,6165
1414,0.0001380859375,4361.88584448294,37130,4362
1415,0.00013818359375,438.362842119496,33206,438
1416,0.00013828125,-4783.78251074203,27984,-4784
1417,0.00013837890625,-10126.8516912862,22641,-10127
1418,0.0001384765625,-14449.8662467498,18318,-14450
1419,0.00013857421875,-17015.733207443,15752,-17016
1420,0.000138671875,-17705.2451310479,15063,-17705
1421,0.00013876953125,-17006.1726461043,15762,-17006
1422,0.0001388671875,-15787.3137960045,16981,-15787
1423,0.00013896484375,-14944.7123631138,17823,-14945
1424,0.0001390625,-15052.4363044152,17716,-15052
1425,0.00013916015625,-16147.1081756393,16621,-16147
1426,0.0001392578125,-17725.1368889153,15043,-17725
1427,0.00013935546875,-18952.6900538115,13815,-18953
1428,0.000139453125,-19009.6194243135,13758,-19010
1429,0.00013955078125,-17438.5184780718,15329,-17439
1430,0.0001396484375,-14367.1195164921,18401,-14367
1431,0.00013974609375,-10517.532093008,22250,-10518
1432,0.00013984375,-6993.07428594178,25775,-6993
1433,0.00013994140625,-4914.71434095205,27853,-4915
1434,0.0001400390625,-5034.95316970921,27733,-5035
1435,0.00014013671875,-7466.99859029539,25301,-7467
1436,0.000140234375,-11627.4697535516,21141,-11627
1437,0.00014033203125,-16415.6974516281,16352,-16416
1438,0.0001404296875,-20568.8822031893,12199,-20569
1439,0.00014052734375,-23070.0207894233,9698,-23070
1440,0.000140625,-23467.0049669131,9301,-23467
1441,0.00014072265625,-21993.2589327434,10775,-21993
1442,0.0001408203125,-19451.1873671882,13317,-19451
1443,0.00014091796875,-16904.0354305057,15864,-16904
1444,0.000141015625,-15289.2148319744,17479,-15289
1445,0.00014111328125,-15092.5697271948,17675,-15093
1446,0.0001412109375,-16199.1333421508,16569,-16199
1447,0.00014130859375,-17970.5336808494,14797,-17971
1448,0.00014140625,-19516.1662800613,13252,-19516
1449,0.00014150390625,-20054.7043468014,12713,-20055
1450,0.0001416015625,-19230.0147824874,13538,-19230
1451,0.00014169921875,-17262.8179822747,15505,-17263
1452,0.000141796875,-14880.1333994464,17888,-14880
1453,0.00014189453125,-13046.5942909672,19721,-13047
1454,0.0001419921875,-12595.2391321329,20173,-12595
1455,0.00014208984375,-13893.5940314236,18874,-13894
1456,0.0001421875,-16669.7161058266,16098,-16670
1457,0.00014228515625,-20066.2021521741,12702,-20066
1458,0.0001423828125,-22908.3137739185,9860,-22908
1459,0.00014248046875,-24094.8370126071,8673,-24095
1460,0.000142578125,-22975.109861982,9793,-22975
1461,0.00014267578125,-19579.2355170547,13189,-19579
1462,0.0001427734375,-14619.7218246601,18148,-14620
1463,0.00014287109375,-9263.35470023892,23505,-9263
1464,0.00014296875,-4753.15358376991,28015,-4753
1465,0.00014306640625,-2012.72372080521,30755,-2013
1466,0.0001431640625,-1370.45857254151,31398,-1370
1467,0.00014326171875,-2497.14551484451,30271,-2497
1468,0.000143359375,-4573.52344381783,28194,-4574
1469,0.00014345703125,-6622.04509882229,26146,-6622
1470,0.0001435546875,-7879.15380348184,24889,-7879
1471,0.00014365234375,-8071.56876621392,24696,-8072
1472,0.00014375,-7496.80368667122,25271,-7497
1473,0.00014384765625,-6880.91110496316,25887,-6881
1474,0.0001439453125,-7068.72197950842,25699,-7069
1475,0.00014404296875,-8663.7025389776,24104,-8664
1476,0.000144140625,-11753.4781995786,21015,-11753
1477,0.00014423828125,-15826.1579170547,16942,-15826
1478,0.0001443359375,-19913.0027758637,12855,-19913
1479,0.00014443359375,-22909.9448961959,9858,-22910
1480,0.00014453125,-23964.1320081563,8804,-23964
1481,0.00014462890625,-22786.2210485031,9982,-22786
1482,0.0001447265625,-19774.0012406884,12994,-19774
1483,0.00014482421875,-15899.347116951,16869,-15899
1484,0.000144921875,-12394.6941523402,20373,-12395
1485,0.00014501953125,-10346.9300119729,22421,-10347
1486,0.0001451171875,-10339.9815456651,22428,-10340
1487,0.00014521484375,-12270.3924806097,20498,-12270
1488,0.0001453125,-15398.8890382017,17369,-15399
1489,0.00014541015625,-18617.319000162,14151,-18617
1490,0.0001455078125,-20834.4310948739,11934,-20834
1491,0.00014560546875,-21342.9340267473,11425,-21343
1492,0.000145703125,-20038.7281067814,12729,-20039
1493,0.00014580078125,-17417.8758636276,15350,-17418
1494,0.0001458984375,-14357.861545805,18410,-14358
1495,0.00014599609375,-11767.6373174361,21000,-11768
1496,0.00014609375,-10237.6975468477,22530,-10238
1497,0.00014619140625,-9820.1486291642,22948,-9820
1498,0.0001462890625,-10020.0582622905,22748,-10020
1499,0.00014638671875,-10001.0670945647,22767,-10001
1500,0.000146484375,-8928.85094681625,23839,-8929
1501,0.00014658203125,-6324.45531126044,26444,-6324
1502,0.0001466796875,-2294.62786923315,30473,-2295
1503,0.00014677734375,2450.02093597039,35218,2450
1504,0.000146875,6801.59402394115,39570,6802
1505,0.00014697265625,9616.94625120081,42385,9617
1506,0.0001470703125,10108.4784685906,42876,10108
1507,0.00014716796875,8124.84927819418,40893,8125
1508,0.000147265625,4220.52220521671,36989,4221
1509,0.00014736328125,-512.6991123803,32255,-513
1510,0.0001474609375,-4794.8628048447,27973,-4795
1511,0.00014755859375,-7566.6541868509,25201,-7567
1512,0.00014765625,-8315.97745422007,24452,-8316
1513,0.00014775390625,-7210.4243780725,25558,-7210
1514,0.0001478515625,-4993.34272812332,27775,-4993
1515,0.00014794921875,-2685.4817493634,30083,-2685
1516,0.000148046875,-1202.7919637999,31565,-1203
1517,0.00014814453125,-1029.3025796113,31739,-1029
1518,0.0001482421875,-2062.08138513124,30706,-2062
1519,0.00014833984375,-3681.25689108881,29087,-3681
1520,0.0001484375,-5015.30082561719,27753,-5015
1521,0.00014853515625,-5300.31118701323,27468,-5300
1522,0.0001486328125,-4197.82399873637,28570,-4198
1523,0.00014873046875,-1951.10155160383,30817,-1951
1524,0.000148828125,680.731953954412,33449,681
1525,0.00014892578125,2689.51165145718,35458,2690
1526,0.0001490234375,3190.14262630859,35958,3190
1527,0.00014912109375,1762.34771337168,34530,1762
1528,0.00014921875,-1364.41464275184,31404,-1364
1529,0.00014931640625,-5354.07672445402,27414,-5354
1530,0.0001494140625,-9024.81747710391,23743,-9025
1531,0.00014951171875,-11238.8798140993,21529,-11239
1532,0.000149609375,-11285.5212392959,21482,-11286
1533,0.00014970703125,-9122.66131432375,23645,-9123
1534,0.0001498046875,-5392.25960681409,27376,-5392
1535,0.00014990234375,-1204.32231462038,31564,-1204
1536,0.00015,2233.93378896512,35002,2234
1537,0.00015009765625,4013.09158172976,36781,4013
1538,0.0001501953125,3802.74240869538,36571,3803
1539,0.00015029296875,1922.90928189232,34691,1923
1540,0.000150390625,-814.290726981925,31954,-814
1541,0.00015048828125,-3430.18652581049,29338,-3430
1542,0.0001505859375,-5150.44711738113,27618,-5150
1543,0.00015068359375,-5684.72879666011,27083,-5685
1544,0.00015078125,-5313.40001467364,27455,-5313
1545,0.00015087890625,-4751.4252009257,28017,-4751
1546,0.0001509765625,-4841.91033313388,27926,-4842
1547,0.00015107421875,-6194.89621205842,26573,-6195
1548,0.000151171875,-8907.75713157971,23860,-8908
1549,0.00015126953125,-12474.4015580993,20294,-12474
1550,0.0001513671875,-15921.8753546746,16846,-15922
1551,0.00015146484375,-18129.7656107723,14638,-18130
1552,0.0001515625,-18220.1777018846,14548,-18220
1553,0.00015166015625,-15878.6281854223,16889,-15879
1554,0.0001517578125,-11489.0982074504,21279,-11489
1555,0.00015185546875,-6031.69199895646,26736,-6032
1556,0.000151953125,-775.511976602143,31992,-776
1557,0.00015205078125,3127.72863784346,35896,3128
1558,0.0001521484375,5008.40281645038,37776,5008
1559,0.00015224609375,4875.82524388227,37644,4876
1560,0.00015234375,3380.83965389772,36149,3381
1561,0.00015244140625,1560.89421968873,34329,1561
1562,0.0001525390625,461.126868909928,33229,461
1563,0.00015263671875,767.816000009338,33536,768
1564,0.000152734375,2584.21480138586,35352,2584
1565,0.00015283203125,5425.79377844827,38194,5426
1566,0.0001529296875,8431.59878150029,41200,8432
1567,0.00015302734375,10709.9343325817,43478,10710
1568,0.000153125,11688.3143043441,44456,11688
1569,0.00015322265625,11336.9899578848,44105,11337
1570,0.0001533203125,10182.4861495417,42950,10182
1571,0.00015341796875,9105.24952405634,41873,9105
1572,0.000153515625,8995.45499285436,41763,8995
1573,0.00015361328125,10394.1088517685,43162,10394
1574,0.0001537109375,13253.4209109941,46021,13253
1575,0.00015380859375,16908.3377234718,49676,16908
1576,0.00015390625,20275.2116706504,53043,20275
1577,0.00015400390625,22211.20486633,54979,22211
1578,0.0001541015625,21908.9866691404,54677,21909
1579,0.00015419921875,19187.020387112,51955,19187
1580,0.000154296875,14571.5773254219,47340,14572
1581,0.00015439453125,9139.83490292813,41908,9140
1582,0.0001544921875,4177.7950253971,36946,4178
1583,0.00015458984375,772.042066948806,33540,772
1584,0.0001546875,-522.847770159093,32245,-523
1585,0.00015478515625,172.765632178709,32941,173
1586,0.0001548828125,2156.04095455294,34924,2156
1587,0.00015498046875,4431.07874298466,37199,4431
1588,0.000155078125,6087.21667526245,38855,6087
1589,0.00015517578125,6627.87295323315,39396,6628
1590,0.0001552734375,6131.54472206439,38900,6132
1591,0.00015537109375,5189.21591823986,37957,5189
1592,0.00015546875,4644.9256169722,37413,4645
1593,0.00015556640625,5238.58938805364,38007,5239
1594,0.0001556640625,7286.07526362002,40054,7286
1595,0.00015576171875,10517.9733343146,43286,10518
1596,0.000155859375,14140.3809138792,46908,14140
1597,0.00015595703125,17099.448580795,49867,17099
1598,0.0001560546875,18456.0355182401,51224,18456
1599,0.00015615234375,17735.0604957868,50503,17735
1600,0.00015625,15121.3332339396,47889,15121
1601,0.00015634765625,11427.4405748082,44195,11427
1602,0.0001564453125,7840.40723807912,40608,7840
1603,0.00015654296875,5533.17623339945,38301,5533
1604,0.000156640625,5275.86781919577,38044,5276
1605,0.00015673828125,7182.59324899785,39951,7183
1606,0.0001568359375,10681.9331084874,43450,10682
1607,0.00015693359375,14720.1012188965,47488,14720
1608,0.00015703125,18123.6689166894,50892,18124
1609,0.00015712890625,19992.9664788547,52761,19993
1610,0.0001572265625,19987.8237112424,52756,19988
1611,0.00015732421875,18407.3772915383,51175,18407
1612,0.000157421875,16040.6388051437,48809,16041
1613,0.00015751953125,13847.2277711185,46615,13847
1614,0.0001576171875,12588.2548376508,45356,12588
1615,0.00015771484375,12543.9938705017,45312,12544
1616,0.0001578125,13421.850654698,46190,13422
1617,0.00015791015625,14487.4011103766,47255,14487
1618,0.0001580078125,14868.7259996985,47637,14869
1619,0.00015810546875,13919.9696547199,46688,13920
1620,0.000158203125,11507.4319741078,44275,11507
1621,0.00015830078125,8108.88631153471,40877,8109
1622,0.0001583984375,4684.38320039803,37452,4684
1623,0.00015849609375,2360.13321412837,35128,2360
1624,0.00015859375,2035.96633455459,34804,2036
1625,0.00015869140625,4056.2871126904,36824,4056
1626,0.0001587890625,8063.54448853617,40832,8064
1627,0.00015888671875,13089.3263159266,45857,13089
1628,0.000158984375,17854.124944729,50622,17854
1629,0.00015908203125,21172.7657059711,53941,21173
1630,0.0001591796875,22325.0456414515,55093,22325
1631,0.00015927734375,21263.7402333147,54032,21264
1632,0.000159375,18590.242394633,51358,18590
1633,0.00015947265625,15310.7853635405,48079,15311
1634,0.0001595703125,12463.7451211356,45232,12464
1635,0.00015966796875,10753.1067214667,43521,10753
1636,0.000159765625,10318.937296282,43087,10319
1637,0.00015986328125,10724.4058000221,43492,10724
1638,0.0001599609375,11159.2722728125,43927,11159
1639,0.00016005859375,10780.7630354404,43549,10781
1640,0.00016015625,9062.98759327202,41831,9063
1641,0.00016025390625,6023.5258463827,38792,6024
1642,0.0001603515625,2241.36120670021,35009,2241
1643,0.00016044921875,-1342.64481809094,31425,-1343
1644,0.000160546875,-3771.07573522249,28997,-3771
1645,0.00016064453125,-4434.81296552617,28333,-4435
1646,0.0001607421875,-3322.36600644452,29446,-3322
1647,0.00016083984375,-1059.0488758333,31709,-1059
1648,0.0001609375,1283.44493215722,34051,1283
1649,0.00016103515625,2543.6448228566,35312,2544
1650,0.0001611328125,1869.0287900994,34637,1869
1651,0.00016123046875,-983.593567341617,31784,-984
1652,0.000161328125,-5552.62816218139,27215,-5553
1653,0.00016142578125,-10815.6338335275,21952,-10816
1654,0.0001615234375,-15522.5631888935,17245,-15523
1655,0.00016162109375,-18601.5649740325,14166,-18602
1656,0.00016171875,-19495.7138972739,13272,-19496
1657,0.00016181640625,-18314.7351762238,14453,-18315
1658,0.0001619140625,-15752.7054226373,17015,-15753
1659,0.00016201171875,-12806.6478199487,19961,-12807
1660,0.000162109375,-10401.6386203015,22366,-10402
1661,0.00016220703125,-9060.10130588575,23708,-9060
1662,0.0001623046875,-8735.00001904321,24033,-8735
1663,0.00016240234375,-8865.37867468725,23903,-8865
1664,0.0001625,-8630.50123477397,24137,-8631
1665,0.00016259765625,-7305.64533361512,25462,-7306
1666,0.0001626953125,-4585.00425093948,28183,-4585
1667,0.00016279296875,-748.847166416426,32019,-749
1668,0.000162890625,3391.12862198665,36159,3391
1669,0.00016298828125,6753.02388228737,39521,6753
1670,0.0001630859375,8361.01256791074,41129,8361
1671,0.00016318359375,7701.5951378121,40470,7702
1672,0.00016328125,4929.93941828271,37698,4930
1673,0.00016337890625,848.68807045488,33617,849
1674,0.0001634765625,-3337.69391305397,29430,-3338
1675,0.00016357421875,-6409.81986369194,26358,-6410
1676,0.000163671875,-7527.58194093788,25240,-7528
1677,0.00016376953125,-6494.67041791219,26273,-6495
1678,0.0001638671875,-3802.25009649506,28966,-3802
1679,0.00016396484375,-438.877482745818,32329,-439
1680,0.0001640625,2463.66813044857,35232,2464
1681,0.00016416015625,4021.64632767253,36790,4022
1682,0.0001642578125,3889.13877955595,36657,3889
1683,0.00016435546875,2345.91108458985,35114,2346
1684,0.000164453125,156.793389571471,32925,157
1685,0.00016455078125,-1741.14720134587,31027,-1741
1686,0.0001646484375,-2605.54734658186,30162,-2606
1687,0.00016474609375,-2173.18243250227,30595,-2173
1688,0.00016484375,-756.619071812625,32011,-757
1689,0.00016494140625,882.493470766287,33650,882
1690,0.0001650390625,1836.42436897146,34604,1836
1691,0.00016513671875,1418.08727394924,34186,1418
1692,0.000165234375,-545.542166063757,32222,-546
1693,0.00016533203125,-3604.7669525883,29163,-3605
1694,0.0001654296875,-6808.21439481043,25960,-6808
1695,0.00016552734375,-9015.10456259402,23753,-9015
1696,0.000165625,-9290.09437994936,23478,-9290
1697,0.00016572265625,-7240.62406219387,25527,-7241
1698,0.0001658203125,-3175.54552642987,29592,-3176
1699,0.00016591796875,1973.64127749292,34742,1974
1700,0.000166015625,6943.73744255996,39712,6944
1701,0.00016611328125,10542.6400712332,43311,10543
1702,0.0001662109375,12024.2220335424,44792,12024
1703,0.00016630859375,11305.9492755097,44074,11306
1704,0.00016640625,8956.33380513354,41724,8956
1705,0.00016650390625,5961.44469538601,38729,5961
1706,0.0001666015625,3357.94981769092,36126,3358
1707,0.00016669921875,1866.44834673915,34634,1866
1708,0.000166796875,1656.67977991107,34425,1657
1709,0.00016689453125,2326.58574087229,35095,2327
1710,0.0001669921875,3098.3083350009,35866,3098
1711,0.00016708984375,3154.72574744697,35923,3155
1712,0.0001671875,1988.89595520784,34757,1989
1713,0.00016728515625,-365.63817918849,32402,-366
1714,0.0001673828125,-3311.77162085711,29456,-3312
1715,0.00016748046875,-5884.73787796907,26883,-5885
1716,0.000167578125,-7097.77580186054,25670,-7098
1717,0.00016767578125,-6312.23795352021,26456,-6312
1718,0.0001677734375,-3496.06495591578,29272,-3496
1719,0.00016787109375,726.72731122794,33495,727
1720,0.00016796875,5258.50570836015,38027,5259
1721,0.00016806640625,8882.06310598069,41650,8882
1722,0.0001681640625,10663.6955082037,43432,10664
1723,0.00016826171875,10264.1946524808,43032,10264
1724,0.000168359375,8048.51001932909,40817,8049
1725,0.00016845703125,4955.80210218754,37724,4956
1726,0.0001685546875,2176.24812216267,34944,2176
1727,0.00016865234375,748.927296586816,33517,749
1728,0.00016875,1222.0752930929,33990,1222
1729,0.00016884765625,3493.40487601411,36261,3493
1730,0.0001689453125,6882.69678489279,39651,6883
1731,0.00016904296875,10405.1901940243,43173,10405
1732,0.000169140625,13142.6516959166,45911,13143
1733,0.00016923828125,14575.1584378225,47343,14575
1734,0.0001693359375,14752.6513639935,47521,14753
1735,0.00016943359375,14245.1929981084,47013,14245
1736,0.00016953125,13892.728991628,46661,13893
1737,0.00016962890625,14449.1962392849,47217,14449
1738,0.0001697265625,16255.0964880796,49023,16255
1739,0.00016982421875,19062.83708297,51831,19063
1740,0.000169921875,22083.7163918712,54852,22084
1741,0.00017001953125,24244.4473041788,57012,24244
1742,0.0001701171875,24563.9295429473,57332,24564
1743,0.00017021484375,22515.6563257361,55284,22516
1744,0.0001703125,18244.2668025821,51012,18244
1745,0.00017041015625,12555.4430019109,45323,12555
1746,0.0001705078125,6678.51882295539,39447,6679
1747,0.00017060546875,1882.05354997444,34650,1882
1748,0.000170703125,-924.857979245495,31843,-925
1749,0.00017080078125,-1467.51906418764,31300,-1468
1750,0.0001708984375,-162.723641615406,32605,-163
1751,0.00017099609375,2058.74088092905,34827,2059
1752,0.00017109375,4097.96898214878,36866,4098
1753,0.00017119140625,5077.15647258624,37845,5077
1754,0.0001712890625,4633.45990968405,37401,4633
1755,0.00017138671875,3014.97959584508,35783,3015
1756,0.000171484375,949.117990889914,33717,949
1757,0.00017158203125,-663.524500021591,32104,-664
1758,0.0001716796875,-1113.53251774064,31654,-1114
1759,0.00017177734375,-168.783069972514,32599,-169
1760,0.000171875,1824.72404161941,34593,1825
1761,0.00017197265625,4065.67178725954,36834,4066
1762,0.0001720703125,5599.50434186789,38368,5600
1763,0.00017216796875,5688.73483872529,38457,5689
1764,0.000172265625,4114.12408631438,36882,4114
1765,0.00017236328125,1293.13233089774,34061,1293
1766,0.0001724609375,-1832.55498713729,30935,-1833
1767,0.00017255859375,-4105.14198164271,28663,-4105
1768,0.00017265625,-4547.78989578335,28220,-4548
1769,0.00017275390625,-2710.51302601713,30057,-2711
1770,0.0001728515625,1158.4567483309,33926,1158
1771,0.00017294921875,6178.08048815591,38946,6178
1772,0.000173046875,11115.3215223749,43883,11115
1773,0.00017314453125,14783.8328118752,47552,14784
1774,0.0001732421875,16421.6395640459,49190,16422
1775,0.00017333984375,15917.1480978844,48685,15917
1776,0.0001734375,13807.5542818088,46576,13808
1777,0.00017353515625,11055.2185470944,43823,11055
1778,0.0001736328125,8686.45804039453,41454,8686
1779,0.00017373046875,7425.1329544828,40193,7425
1780,0.000173828125,7453.26477102671,40221,7453
1781,0.00017392578125,8383.00558776596,41151,8383
1782,0.0001740234375,9446.13015392167,42214,9446
1783,0.00017412109375,9827.29063279649,42595,9827
1784,0.00017421875,9014.59587257988,41783,9015
1785,0.00017431640625,7034.77193593142,39803,7035
1786,0.0001744140625,4482.51265961512,37251,4483
1787,0.00017451171875,2329.26006512629,35097,2329
1788,0.000174609375,1578.08978340083,34346,1578
1789,0.00017470703125,2888.98922690925,35657,2889
1790,0.0001748046875,6311.55521904882,39080,6312
1791,0.00017490234375,11225.162192751,43993,11225
1792,0.000175,16513.108019087,49281,16513
1793,0.00017509765625,20913.5406899919,53682,20914
1794,0.0001751953125,23426.2543096268,56194,23426
1795,0.00017529296875,23633.7242139231,56402,23634
1796,0.000175390625,21824.5826538504,54593,21825
1797,0.00017548828125,18877.4818531913,51645,18877
1798,0.0001755859375,15947.9492639724,48716,15948
1799,0.00017568359375,14070.0540404937,46838,14070
1800,0.00017578125,13813.7027021617,46582,13814
1801,0.00017587890625,15116.901118928,47885,15117
1802,0.0001759765625,17348.2849362656,50116,17348
1803,0.00017607421875,19571.8639660054,52340,19572
1804,0.000176171875,20913.3820094206,53681,20913
1805,0.00017626953125,20892.1080964082,53660,20892
1806,0.0001763671875,19595.9672824465,52364,19596
1807,0.00017646484375,17636.4021284397,50404,17636
1808,0.0001765625,15900.8706447734,48669,15901
1809,0.00017666015625,15195.7459067005,47964,15196
1810,0.0001767578125,15913.3262989213,48681,15913
1811,0.00017685546875,17848.734358034,50617,17849
1812,0.000176953125,20238.4434909947,53006,20238
1813,0.00017705078125,22011.5307651998,54780,22012
1814,0.0001771484375,22166.7091667509,54935,22167
1815,0.00017724609375,20141.0793328561,52909,20141
1816,0.00017734375,16037.5765559794,48806,16038
1817,0.00017744140625,10627.1302385399,43395,10627
1818,0.0001775390625,5121.11950256937,37889,5121
1819,0.00017763671875,791.270471232718,33559,791
1820,0.000177734375,-1431.59937903373,31336,-1432
1821,0.00017783203125,-1241.12623054268,31527,-1241
1822,0.0001779296875,975.616218147525,33744,976
1823,0.00017802734375,4304.18249978191,37072,4304
1824,0.000178125,7641.10493513858,40409,7641
1825,0.00017822265625,10081.5016614216,42850,10082
1826,0.0001783203125,11217.19441792,43985,11217
1827,0.00017841796875,11240.8404063734,44009,11241
1828,0.000178515625,10823.213859742,43591,10823
1829,0.00017861328125,10813.7240763872,43582,10814
1830,0.0001787109375,11878.4447830193,44646,11878
1831,0.00017880859375,14212.1298444486,46980,14212
1832,0.00017890625,17432.930595472,50201,17433
1833,0.00017900390625,20700.965797506,53469,20701
1834,0.0001791015625,23019.1248573461,55787,23019
1835,0.00017919921875,23606.6401162547,56375,23607
1836,0.000179296875,22207.7958731122,54976,22208
1837,0.00017939453125,19220.0499249199,51988,19220
1838,0.0001794921875,15590.0919688371,48358,15590
1839,0.00017958984375,12509.8546709543,45278,12510
1840,0.0001796875,11017.0998949206,43785,11017
1841,0.00017978515625,11640.6475620564,44409,11641
1842,0.0001798828125,14215.6710435295,46984,14216
1843,0.00017998046875,17934.8591595711,50703,17935
1844,0.000180078125,21617.9604692192,54386,21618
1845,0.00018017578125,24105.1354498418,56873,24105
1846,0.0001802734375,24636.278038013,57404,24636
1847,0.00018037109375,23084.4813414132,55852,23084
1848,0.00018046875,19964.823399461,52733,19965
1849,0.00018056640625,16220.4480718781,48988,16220
1850,0.0001806640625,12867.3622075456,45635,12867
1851,0.00018076171875,10628.8778780044,43397,10629
1852,0.000180859375,9692.49221830256,42460,9692
1853,0.00018095703125,9675.76719775255,42444,9676
1854,0.0001810546875,9810.38872054916,42578,9810
1855,0.00018115234375,9273.23215246127,42041,9273
1856,0.00018125,7539.15548967529,40307,7539
1857,0.00018134765625,4622.05238492674,37390,4622
1858,0.0001814453125,1111.42857453904,33879,1111
1859,0.00018154296875,-2013.33729238738,30755,-2013
1860,0.000181640625,-3727.0006058372,29041,-3727
1861,0.00018173828125,-3337.56817290309,29430,-3338
1862,0.0001818359375,-762.616789853174,32005,-763
1863,0.00018193359375,3399.91984474573,36168,3400
1864,0.00018203125,8036.60442036454,40805,8037
1865,0.00018212890625,11865.0749469663,44633,11865
1866,0.0001822265625,13843.2416265588,46611,13843
1867,0.00018232421875,13499.1326243701,46267,13499
1868,0.000182421875,11067.1799447472,43835,11067
1869,0.00018251953125,7385.19740570642,40153,7385
1870,0.0001826171875,3590.90373355236,36359,3591
1871,0.00018271484375,727.23845397257,33495,727
1872,0.0001828125,-603.288141160274,32165,-603
1873,0.00018291015625,-414.345288910284,32354,-414
1874,0.0001830078125,716.682465324359,33485,717
1875,0.00018310546875,1904.69661756218,34673,1905
1876,0.000183203125,2318.35669374803,35086,2318
1877,0.00018330078125,1511.66304558832,34280,1512
1878,0.0001833984375,-397.534888936326,32370,-398
1879,0.00018349609375,-2768.21549014531,30000,-2768
1880,0.00018359375,-4681.01940996701,28087,-4681
1881,0.00018369140625,-5296.56375402962,27471,-5297
1882,0.0001837890625,-4193.95710566325,28574,-4194
1883,0.00018388671875,-1562.26992212311,31206,-1562
1884,0.000183984375,1829.66184876779,34598,1830
1885,0.00018408203125,4879.46084205355,37647,4879
1886,0.0001841796875,6528.941026164,39297,6529
1887,0.00018427734375,6139.93079500522,38908,6140
1888,0.000184375,3733.68372924662,36502,3734
1889,0.00018447265625,6.71092310260311,32775,7
1890,0.0001845703125,-3885.24079964452,28883,-3885
1891,0.00018466796875,-6701.17023435703,26067,-6701
1892,0.000184765625,-7516.91112413771,25251,-7517
1893,0.00018486328125,-6015.81340409543,26752,-6016
1894,0.0001849609375,-2568.55600607889,30199,-2569
1895,0.00018505859375,1922.04793347197,34690,1922
1896,0.00018515625,6351.92230341209,39120,6352
1897,0.00018525390625,9801.31726604627,42569,9801
1898,0.0001853515625,11836.4251358,44604,11836
1899,0.00018544921875,12620.661320137,45389,12621
1900,0.000185546875,12799.7266517395,45568,12800
1901,0.00018564453125,13207.5280538974,45976,13208
1902,0.0001857421875,14505.3587014867,47273,14505
1903,0.00018583984375,16890.753215142,49659,16891
1904,0.0001859375,19986.4720003928,52754,19986
1905,0.00018603515625,22953.6029914197,55722,22954
1906,0.0001861328125,24789.9746315548,57558,24790
1907,0.00018623046875,24706.077293777,57474,24706
1908,0.000186328125,22440.6584756166,55209,22441
1909,0.00018642578125,18398.1764230949,51166,18398
1910,0.0001865234375,13553.3397928164,46321,13553
1911,0.00018662109375,9151.40084450703,41919,9151
1912,0.00018671875,6306.63798676613,39075,6307
1913,0.00018681640625,5638.90474346247,38407,5639
1914,0.0001869140625,7075.62507346173,39844,7076
1915,0.00018701171875,9888.54036512861,42657,9889
1916,0.000187109375,12951.6373546605,45720,12952
1917,0.00018720703125,15128.7180580102,47897,15129
1918,0.0001873046875,15653.9491180331,48422,15654
1919,0.00018740234375,14372.5467595631,47141,14373
1920,0.0001875,11759.9824598273,44528,11760
1921,0.00018759765625,8718.1425650419,41486,8718
1922,0.0001876953125,6226.81960795568,38995,6227
1923,0.00018779296875,4979.94930389429,37748,4980
1924,0.000187890625,5139.84622392099,37908,5140
1925,0.00018798828125,6298.14965828392,39066,6298
1926,0.0001880859375,7655.59460775885,40424,7656
1927,0.00018818359375,8351.97902709269,41120,8352
1928,0.00018828125,7822.18650002881,40590,7822
1929,0.00018837890625,6044.05428306702,38812,6044
1930,0.0001884765625,3582.97186476089,36351,3583
1931,0.00018857421875,1412.23267690324,34180,1412
1932,0.000188671875,570.477129973358,33338,570
1933,0.00018876953125,1778.16773536195,34546,1778
1934,0.0001888671875,5151.82644748148,37920,5152
1935,0.00018896484375,10121.4400962309,42889,10121
1936,0.0001890625,15584.8055168258,48353,15585
1937,0.00018916015625,20248.3128078061,53016,20248
1938,0.0001892578125,23037.0415919995,55805,23037
1939,0.00018935546875,23432.0528559637,56200,23432
1940,0.000189453125,21618.4187194774,54386,21618
1941,0.00018955078125,18394.6462572967,51163,18395
1942,0.0001896484375,14878.6170561102,47647,14879
1943,0.00018974609375,12116.6662099662,44885,12117
1944,0.00018984375,10735.3636472725,43503,10735
1945,0.00018994140625,10758.2752035939,43526,10758
1946,0.0001900390625,11648.9315295104,44417,11649
1947,0.00019013671875,12558.6434617729,45327,12559
1948,0.000190234375,12683.6103490934,45452,12684
1949,0.00019033203125,11596.7962396887,44365,11597
1950,0.0001904296875,9430.31353383413,42198,9430
1951,0.00019052734375,6839.70679917751,39608,6840
1952,0.000190625,4762.26635887463,37530,4762
1953,0.00019072265625,4057.92033638534,36826,4058
1954,0.0001908203125,5165.50681441885,37934,5166
1955,0.00019091796875,7903.10974934874,40671,7903
1956,0.000191015625,11489.9723213002,44258,11490
1957,0.00019111328125,14787.665894464,47556,14788
1958,0.0001912109375,16678.5143351387,49447,16679
1959,0.00019130859375,16448.5996874531,49217,16449
1960,0.00019140625,14039.4487011266,46807,14039
1961,0.00019150390625,10078.0784618566,42846,10078
1962,0.0001916015625,5673.22314022947,38441,5673
1963,0.00019169921875,2048.27453328241,34816,2048
1964,0.000191796875,139.078276405446,32907,139
1965,0.00019189453125,296.590281769684,33065,297
1966,0.0001919921875,2196.33116498007,34964,2196
1967,0.00019208984375,4982.35824279883,37750,4982
1968,0.0001921875,7589.86314548457,40358,7590
1969,0.00019228515625,9127.57508887328,41896,9128
1970,0.0001923828125,9181.44994592895,41949,9181
1971,0.00019248046875,7931.54298733794,40700,7932
1972,0.000192578125,6043.27100855014,38811,6043
1973,0.00019267578125,4377.20782735407,37145,4377
1974,0.0001927734375,3627.9864869089,36396,3628
1975,0.00019287109375,4028.69321035923,36797,4029
1976,0.00019296875,5232.97765824023,38001,5233
1977,0.00019306640625,6421.75436957884,39190,6422
1978,0.0001931640625,6598.5724965712,39367,6599
1979,0.00019326171875,4967.5911625043,37736,4968
1980,0.000193359375,1256.18710282077,34024,1256
1981,0.00019345703125,-4137.69022164933,28630,-4138
1982,0.0001935546875,-10231.5251052914,22536,-10232
1983,0.00019365234375,-15752.389713382,17016,-15752
1984,0.00019375,-19539.1514660166,13229,-19539
1985,0.00019384765625,-20913.2194838384,11855,-20913
1986,0.0001939453125,-19888.6452014017,12879,-19889
1987,0.00019404296875,-17148.8618885262,15619,-17149
1988,0.000194140625,-13799.7407646602,18968,-13800
1989,0.00019423828125,-10987.4148965038,21781,-10987
1990,0.0001943359375,-9516.25474739639,23252,-9516
1991,0.00019443359375,-9600.73916827547,23167,-9601
1992,0.00019453125,-10835.528999531,21932,-10836
1993,0.00019462890625,-12388.799514226,20379,-12389
1994,0.0001947265625,-13343.4996846983,19425,-13343
1995,0.00019482421875,-13058.6863967789,19709,-13059
1996,0.000194921875,-11417.2895990303,21351,-11417
1997,0.00019501953125,-8869.51299796513,23898,-8870
1998,0.0001951171875,-6256.86142922896,26511,-6257
1999,0.00019521484375,-4482.89173411118,28285,-4483
2000,0.0001953125,-4153.68138614222,28614,-4154
2001,0.00019541015625,-5322.95718729197,27445,-5323
2002,0.0001955078125,-7439.38625203655,25329,-7439
2003,0.00019560546875,-9520.18495834245,23248,-9520
2004,0.000195703125,-10492.4853137857,22276,-10492
2005,0.00019580078125,-9581.81183772993,23186,-9582
2006,0.0001958984375,-6608.17542311369,26160,-6608
2007,0.00019599609375,-2081.71352373698,30686,-2082
2008,0.00019609375,2939.6180372555,35708,2940
2009,0.00019619140625,7183.34192667641,39951,7183
2010,0.0001962890625,9571.78006868356,42340,9572
2011,0.00019638671875,9565.32365771812,42333,9565
2012,0.000196484375,7321.10938771854,40089,7321
2013,0.00019658203125,3614.26360019666,36382,3614
2014,0.0001966796875,-446.873495678269,32321,-447
2015,0.00019677734375,-3807.59798243753,28960,-3808
2016,0.000196875,-5816.9898838877,26951,-5817
2017,0.00019697265625,-6417.79706551201,26350,-6418
2018,0.0001970703125,-6112.02977503355,26656,-6112
2019,0.00019716796875,-5720.39326973731,27048,-5720
2020,0.000197265625,-6028.64239755864,26739,-6029
2021,0.00019736328125,-7454.56382109108,25313,-7455
2022,0.0001974609375,-9860.92867299448,22907,-9861
2023,0.00019755859375,-12585.5385470595,20182,-12586
2024,0.00019765625,-14679.1738439425,18089,-14679
2025,0.00019775390625,-15265.0828872275,17503,-15265
2026,0.0001978515625,-13887.7449389123,18880,-13888
2027,0.00019794921875,-10720.8180485241,22047,-10721
2028,0.000198046875,-6553.85331770594,26214,-6554
2029,0.00019814453125,-2556.71243939851,30211,-2557
2030,0.0001982421875,98.9429304091484,32867,99
2031,0.00019833984375,629.292536614048,33397,629
2032,0.0001984375,-1098.05247773651,31670,-1098
2033,0.00019853515625,-4519.92164245781,28248,-4520
2034,0.0001986328125,-8569.00314074439,24199,-8569
2035,0.00019873046875,-12033.7113417455,20734,-12034
2036,0.000198828125,-13960.1969313583,18808,-13960
2037,0.00019892578125,-13956.1477541954,18812,-13956
2038,0.0001990234375,-12292.0836092005,20476,-12292
2039,0.00019912109375,-9768.90999954995,22999,-9769
2040,0.00019921875,-7404.18154036385,25364,-7404
2041,0.00019931640625,-6053.69377388196,26714,-6054
2042,0.0001994140625,-6106.65096175014,26661,-6107
2043,0.00019951171875,-7364.14378487209,25404,-7364
2044,0.000199609375,-9142.55165274501,23625,-9143
2045,0.00019970703125,-10560.6013385858,22207,-10561
2046,0.0001998046875,-10901.310668655,21867,-10901
2047,0.00019990234375,-9912.45387134722,22856,-9912
